de	56386
en	46155
d@@	30637
t@@	28470
ge@@	27444
e@@	27178
k@@	27036
t	26722
g@@	24064
d	23323
a@@	22918
v@@	21404
van	21193
st@@	20150
b@@	19888
i@@	19728
s@@	18320
e	18137
u@@	16884
l@@	16773
u	15856
s	15680
het	15590
er@@	15056
g	14910
z@@	14638
an@@	14479
den	14379
en@@	14349
p@@	14193
m@@	14045
h@@	13406
er	13126
een	12215
el@@	12076
ver@@	12015
te	11931
r@@	11833
o@@	11706
n@@	11696
on@@	11684
in	11524
j@@	11466
le@@	11398
ten	11051
w@@	10920
be@@	10736
dat	10435
zijn	10332
hij	9924
ik	9717
gen	9488
f@@	9463
oo@@	9190
ie@@	9045
he@@	9038
ro@@	9029
re@@	8939
aa@@	8907
oe@@	8641
die	8544
k	8277
we@@	8271
aan	8213
a	7904
m	7791
al@@	7726
in@@	7669
f	7331
ij@@	7238
ui@@	7179
l	7090
zij	7026
is	6884
op	6791
uw	6658
als	6643
ze@@	6632
ven	6522
ken	6510
aar	6349
niet	6335
here	6333
voor	6314
zal	6113
der@@	5895
ra@@	5815
di@@	5773
met	5536
aar@@	5438
sch@@	5437
oor@@	5395
hem	5083
wa@@	5019
maar	4973
god	4959
naar	4856
me@@	4853
la@@	4693
r	4651
cht	4636
der	4496
ch@@	4427
gen@@	4419
cht@@	4347
om	4319
mij	4287
st	4273
da@@	4247
or@@	4241
el	4211
li@@	4190
ing	4072
and	4068
wi@@	4064
uit	4010
op@@	3985
to@@	3850
zo@@	3780
hun	3755
nen	3754
n	3739
ne@@	3738
moe@@	3732
am@@	3619
us	3610
mijn	3598
wer@@	3545
p	3462
heb@@	3456
lij@@	3379
de@@	3379
wat	3372
ma@@	3350
was	3314
zi@@	3247
om@@	3221
bij	3219
ri@@	3164
ge	3143
an	3120
rij@@	3076
ers	3043
do@@	3038
kom@@	3022
ren	3012
c@@	3005
ha@@	3000
ho@@	2984
ben	2961
all@@	2940
uw@@	2890
br@@	2885
nie@@	2874
door	2870
lie@@	2851
dan	2851
te@@	2850
heeft	2781
want	2754
b	2742
na@@	2741
sp@@	2723
hen	2706
zon@@	2702
ook	2655
eren	2643
laa@@	2599
worden	2590
vol@@	2589
maa@@	2578
ze	2555
al	2515
ingen	2502
go@@	2467
eru@@	2467
ël	2422
zullen	2419
isra@@	2390
koning	2385
kt	2371
toen	2348
aan@@	2325
over	2278
je@@	2270
tegen	2257
zel@@	2256
ts	2232
wij	2212
no@@	2211
men	2200
roe@@	2190
zich	2189
del@@	2188
len	2187
oon	2183
ur@@	2151
gt	2141
pen	2140
rie@@	2119
lo@@	2096
ul@@	2083
zei	2067
mensen	2033
voor@@	1999
ti@@	1980
va@@	1976
bo@@	1973
mo@@	1965
wij@@	1941
sta@@	1923
had	1915
ke	1893
deze	1887
over@@	1882
ff@@	1874
ons	1871
volk	1870
heid	1865
é@@	1857
zo	1855
'@@	1576
is@@	1574
ere	1480
id	1412
ch	1384
ë@@	1378
y@@	1357
sen	1320
i	1205
wor@@	1092
ol@@	1086
kon@@	1069
zul@@	1042
'	1025
men@@	1018
o	987
ä@@	938
ft	901
0	802
h	787
ijn	772
0@@	768
ver	712
wan@@	651
-@@	632
ij	596
eft	589
ï@@	415
2@@	369
ë	306
hu@@	306
1@@	286
z	225
5	216
3@@	209
2	208
4@@	203
5@@	184
ï	177
oor	140
6@@	129
7@@	115
ü@@	110
4	102
c	95
x@@	85
3	84
6	74
1	69
8@@	63
8	59
9@@	53
é	52
7	51
è@@	42
q@@	42
9	32
y	22
x	22
-	12
ò@@	8
j	7
v	6
/@@	6
ä	5
w	5
è	3
ü	2
\	1
