øde@@læ@@g@@ge@@lse	1
øde@@læ@@g@@ge	1
ø@@ve@@r@@ste	1
ø@@de	1
ær@@e	1
ægt@@e@@ska@@be@@t	1
ægt@@e@@ska@@b@@s@@br@@u@@d	1
æ@@ret	1
æ@@rer	1
æ@@ren	1
æ@@re@@fry@@gt	1
æ@@de@@l@@st@@en	1
år@@le	1
ån@@delige	1
ån@@de@@ligt	1
ån@@de@@lig	1
å@@b@@n@@ede	1
å@@b@@en@@ba@@r@@ing	1
y@@p@@p@@er@@ste@@p@@ræ@@st@@er@@ne	1
y@@n@@k@@e@@des	1
vær@@re	1
vær@@dige	1
vær@@dig	1
vær@@d@@i@@er	1
vær@@d@@i	1
vær@@d	1
vre@@des	1
vre@@dens	1
vre@@de	1
vre@@d	1
vis@@e	1
vis@@d@@om	1
vis@@d@@o@@mm@@en	1
vilddy@@ret@@s	1
vilddy@@ret	1
vilddy@@r	1
vild@@spo@@r	1
vild@@l@@ede	1
vil@@de	1
vil@@d	1
vi@@is@@d@@om	1
vi@@i@@s	1
ven@@ner	1
ven@@lighed	1
ven	1
velsig@@ne@@s	1
velsig@@ne@@lse	1
velsig@@n@@et	1
velsig@@n@@ede	1
vel@@be@@ha@@g	1
ve@@e	1
ve@@der@@la@@g	1
ve@@der@@fa@@ren	1
ve	1
van@@tro	1
van@@sk@@e@@ligt	1
van@@hel@@ligt	1
v@@í@@s	1
utu@@gt@@s	1
utu@@gt@@ige	1
utu@@gt	1
ut@@e@@er@@lighed	1
ure@@n@@hed	1
ure@@en@@t	1
ure@@en@@hed	1
ure@@en	1
un@@ge	1
un@@g	1
un@@der@@g@@an@@g	1
uk@@r@@ud@@t@@et	1
uhy@@ret@@s	1
uhy@@ret	1
uhy@@re	1
udhol@@den@@hed	1
udhol@@den@@de	1
udhol@@de@@ligt	1
ud@@re@@tt@@et	1
ud@@f@@ør@@t	1
u@@vi@@den@@de	1
u@@tro@@ska@@b	1
u@@tro	1
u@@retfærdig@@hed	1
u@@retfær@@dig	1
u@@ret	1
u@@ren	1
u@@m@@u@@ligt	1
u@@græ@@s@@s@@et	1
u@@g@@u@@delige	1
u@@forst@@an@@dige	1
u@@for@@t@@j@@en@@te	1
trofa@@ste	1
trofa@@st@@hed	1
trofa@@st	1
tro@@vær@@dig	1
tro@@ens	1
tro@@en	1
tro	1
tr@@ø@@ste	1
tr@@ø@@st	1
tr@@æn@@g@@se@@l	1
tr@@æ@@tt@@e	1
tr@@æ@@l	1
tilgi@@ver	1
tilgi@@velse	1
tilgi@@ve@@t	1
tilgi@@ve	1
tilgi@@v	1
til@@li@@d	1
til@@fre@@ds	1
takk@@er	1
takk@@ede	1
takk@@e	1
ta@@k@@s@@ig@@e@@lse	1
ta@@k@@ne@@mm@@e@@lighed	1
ta@@k	1
ta@@b@@t	1
t@@ør@@ste	1
t@@ør@@st@@ig	1
t@@ør@@st@@er	1
t@@ækk@@e@@s	1
t@@åbe@@lige	1
t@@å@@l@@modige	1
t@@å@@l@@mo@@dig	1
t@@y@@ve	1
t@@y@@v	1
t@@j@@en@@e@@ren	1
t@@i@@d@@ligt	1
t@@aa@@l@@modighed	1
t@@aa@@l@@modige	1
syn@@dige	1
syn@@dens	1
syn@@den	1
syn@@d@@f@@l@@o@@den	1
syn@@d	1
sy@@n	1
sy@@g@@d@@om	1
ste@@en@@grun@@d	1
stan@@d@@ha@@f@@t@@ighed	1
st@@ær@@ke	1
st@@ær@@k	1
st@@yr@@t@@ede	1
st@@yr@@ke	1
st@@ra@@f@@f@@e	1
st@@ra@@f	1
st@@r@@i@@de	1
st@@or@@t	1
st@@or@@e	1
st@@o@@r	1
st@@jæ@@le	1
st@@j@@er@@ne@@t@@y@@der@@ne	1
st@@en@@grun@@d	1
spott@@er	1
spott@@e	1
sp@@y@@tt@@ede	1
sp@@y@@tt@@e	1
sp@@e@@d@@a@@lsk@@hed	1
sla@@ve	1
sla@@gt	1
sla@@g@@s	1
sla@@d@@der	1
ska@@t	1
ska@@mme	1
ska@@mm@@er	1
ska@@m@@lø@@s@@hed	1
ska@@m	1
ska@@de	1
sk@@ø@@gen	1
sk@@y@@l@@dige	1
sk@@y@@l@@dig	1
sk@@y@@en	1
sk@@y	1
sk@@rø@@be@@lighed	1
sk@@rø@@be@@lige	1
sk@@rø@@be@@lig	1
sk@@ræ@@k@@sla@@g@@ne	1
sk@@ræ@@k	1
sk@@j@@ør@@l@@ev@@n@@er@@e	1
sk@@j@@ø@@gen	1
sk@@in@@sy@@ge	1
sk@@in@@ne	1
sk@@in@@n@@en@@de	1
se@@j@@ret	1
se@@j@@rer	1
se@@j@@r	1
se@@i@@rer	1
se@@i@@er	1
sand@@t	1
sand@@hed	1
sand@@he@@ds	1
sand@@he@@dens	1
sand@@he@@den	1
san@@de@@lig	1
sa@@lighed	1
sa@@ligg@@j@@øre@@lse	1
sa@@gt@@modighed	1
s@@å@@d@@an@@ne	1
s@@å@@d@@a@@n	1
s@@va@@ge	1
s@@va@@g@@hed	1
s@@va@@g	1
s@@un@@de	1
s@@ul@@t@@ne	1
s@@ul@@t@@en	1
s@@ul@@t	1
s@@u@@r	1
s@@or@@g	1
s@@om	1
s@@m@@a@@ge	1
s@@lø@@ve	1
s@@in@@ds@@æn@@d@@r@@ing	1
s@@en@@t	1
s@@aa@@d@@an@@ne	1
rø@@ve@@re	1
rø@@r@@te	1
rø@@ge@@lse	1
ry@@ste	1
ry@@st@@ede	1
ry@@d@@de@@t	1
retfærdig@@hed	1
retfærdig@@he@@ds	1
retfærdig@@he@@dens	1
retfærdig@@e	1
retfær@@dig	1
ret@@ska@@f@@ne	1
ren	1
re@@sp@@e@@k@@t	1
re@@ne	1
re@@n@@t	1
re@@n@@s@@e	1
re@@n@@hed	1
re@@en@@t	1
re@@de@@b@@o@@n@@hed	1
ra@@s@@en@@de	1
r@@o@@s@@e	1
r@@in@@ge@@ste	1
r@@ig	1
r@@i@@v	1
p@@ra@@le	1
p@@r@@is@@er	1
p@@la@@g@@et	1
p@@in@@e	1
p@@i@@sk@@e	1
p@@a@@gt@@s	1
p@@a@@gt@@ens	1
p@@a@@gt	1
op@@stan@@den	1
op@@re@@i@@se@@s	1
op@@m@@un@@tr@@ing	1
op@@m@@un@@tr@@e	1
op@@l@@o@@d	1
op@@h@@øj@@er	1
op@@br@@æn@@de	1
op@@bl@@æ@@st	1
o@@n@@de	1
o@@n@@d@@t	1
o@@m@@ven@@delse	1
o@@m@@k@@o@@mme	1
nå@@l@@e@@øj@@e	1
nå@@des	1
nå@@den	1
nå@@de@@ga@@ve	1
nå@@de	1
ni@@d@@kær@@t	1
ni@@d@@kær@@hed	1
ni@@d@@kj@@ær@@hed	1
ni@@d	1
ne@@d@@bry@@de	1
ne@@d	1
naa@@des	1
naa@@den	1
naa@@de@@ga@@ve	1
naa@@de	1
n@@ægt@@et	1
n@@ægt@@e	1
mo@@ds@@ige	1
mo@@dne	1
mo@@d	1
m@@øj@@e	1
m@@ægt@@ig	1
m@@u@@ligt	1
m@@is@@un@@delse	1
m@@is@@un@@delige	1
m@@inde@@gra@@ven	1
m@@inde@@gra@@v	1
m@@in@@d@@ste	1
m@@in@@d@@re	1
m@@il@@d@@hed	1
m@@i@@ste	1
m@@i@@st@@et	1
m@@en@@in@@gen	1
m@@e@@gen	1
m@@e@@d@@li@@den@@hed	1
m@@an@@ge@@l	1
lø@@st	1
lø@@n	1
lø@@g@@ner	1
lø@@f@@te	1
lø@@f@@t@@et	1
ligt	1
ligg@@en@@de@@f@@æ	1
lige	1
lig@@ner	1
lig@@ne	1
lig@@n@@ede	1
lig@@e@@s@@om	1
lig	1
li@@der	1
li@@de@@ls@@er	1
li@@de@@ls@@ens	1
li@@de	1
li@@d	1
la@@mme	1
l@@y@@ver	1
l@@uk@@s@@u@@s	1
l@@e@@ver	1
l@@e@@ven@@de	1
l@@an@@g@@modighed	1
l@@an@@g@@mo@@dig	1
kær@@lighed	1
kær@@lighe@@den	1
kær@@e	1
kj@@øde@@t@@s	1
kj@@ær@@lighed	1
kj@@ær@@lighe@@den	1
k@@øde@@t@@s	1
k@@øde@@t	1
k@@øde@@lige	1
k@@æ@@r	1
k@@rø@@blin@@g@@er	1
k@@r@@ig	1
k@@o@@st@@ba@@r	1
k@@li@@p@@p@@e@@grun@@d	1
k@@l@@o@@ge	1
k@@l@@in@@t@@en	1
k@@in@@den	1
k@@a@@st@@ede	1
k@@a@@m@@p	1
jor@@d@@sk@@æ@@l@@v	1
jor@@d@@sk@@jæ@@l@@v	1
jor@@d	1
inde@@r@@ligt	1
in@@t@@et	1
il@@den	1
il@@d	1
ig@@en@@ne@@m	1
i@@mo@@d	1
i@@hj@@e@@ls@@la@@a@@e	1
i@@hj@@e@@ls@@l@@å	1
i@@hj@@e@@l	1
hy@@k@@l@@er@@i	1
hun@@gr@@ig	1
hun@@g@@re@@de	1
hun@@g@@er@@s@@n@@ø@@d	1
hun@@g@@er	1
ho@@v@@modige	1
ho@@re@@r@@i	1
ho@@r	1
ho@@er	1
her@@lighed	1
her@@lighe@@ds	1
her@@lighe@@dens	1
her@@lighe@@den	1
her@@ligg@@øre@@s	1
her@@ligg@@jor@@t	1
her@@lige	1
hel@@ve@@des	1
hel@@ve@@de	1
hel@@ligt	1
hel@@lighed	1
hel@@ligg@@øre@@lse	1
hel@@lige	1
hel@@lig@@et	1
hel@@lig@@e@@s	1
hel@@lig	1
hel@@e	1
hel@@b@@re@@de	1
ha@@ve@@sy@@ge	1
ha@@rm@@e@@des	1
ha@@rm@@e	1
ha@@l@@te	1
ha@@der	1
ha@@de	1
h@@ø@@i@@t@@i@@den	1
h@@æ@@der	1
h@@åbe@@t	1
h@@åbe@@r	1
h@@å@@b	1
h@@vil@@e	1
h@@ud@@st@@ry@@ge	1
h@@u@@r@@t@@ig@@t	1
h@@jæ@@l@@p@@e	1
h@@jæ@@l@@p	1
h@@i@@ls@@e@@s	1
h@@i@@ds@@ighed	1
h@@aa@@be@@t	1
h@@aa@@be@@r	1
h@@aa@@b	1
gud@@s@@frygt@@en	1
gud@@s@@fry@@gt	1
gud@@he@@n@@gi@@ven@@hed	1
gud@@frygt@@ighed	1
græ@@der	1
græ@@de	1
græ@@d	1
grun@@de	1
gra@@ven	1
gra@@v@@ste@@de@@t	1
gra@@v@@h@@ul@@e	1
gra@@v	1
gr@@å@@d	1
gr@@i@@sk@@hed	1
gr@@i@@b@@e	1
god@@t	1
god@@k@@en@@delse	1
god@@k@@en@@d@@t	1
god@@hed	1
go@@de	1
go@@d	1
gi@@f@@te	1
ge@@he@@n	1
ga@@ver	1
ga@@ven	1
ga@@ve	1
ga@@v@@n@@ligt	1
ga@@mm@@e@@l	1
ga@@m@@le	1
ga@@l@@er	1
g@@ul@@d	1
g@@læ@@der	1
g@@læ@@de	1
g@@la@@de	1
g@@la@@d	1
g@@jor@@t	1
g@@j@@er@@r@@ighed	1
g@@en@@ne@@m@@g@@å	1
g@@an@@sk@@e	1
fæng@@se@@l@@et	1
fæng@@se@@l	1
fæng@@s@@l@@et	1
fæng@@s@@l@@er	1
frygt@@er	1
frygt@@ede	1
frygt@@e@@lige	1
frygt@@e	1
fry@@gt	1
fri@@ste@@lse	1
fri@@ste@@ls@@en	1
fri@@modighed	1
fri@@modige	1
fri@@modig@@t	1
fri@@hed	1
fri@@e	1
fre@@mm@@e@@d	1
fre@@lse	1
fre@@l@@ste	1
fre@@dens	1
fre@@d	1
fr@@i	1
fr@@a@@stan@@d	1
forst@@å@@r	1
forst@@å@@et	1
forst@@å	1
forst@@an@@den	1
forst@@an@@d	1
forst@@aa@@er	1
forst@@aa@@e	1
forr@@å@@der	1
forr@@å@@de	1
forr@@ige	1
forr@@aa@@de	1
forla@@dne	1
forla@@des	1
forla@@delse	1
forla@@de	1
forla@@d@@te	1
for@@vi@@r@@r@@ing	1
for@@ven@@t@@n@@ing	1
for@@ve@@j@@en	1
for@@u@@d	1
for@@ta@@be@@lse	1
for@@ta@@b@@t	1
for@@ræ@@de@@ren	1
for@@n@@ægt@@e	1
for@@k@@rø@@bl@@et	1
for@@k@@er@@t	1
for@@jæ@@tt@@e@@lse	1
for@@jæ@@tt@@e@@ls@@en	1
for@@g@@æ@@ve@@s	1
for@@g@@j@@e@@ve@@s	1
for@@fæn@@ge@@lige	1
for@@fæn@@ge@@lig	1
for@@f@@ø@@re	1
for@@f@@ø@@l@@ge	1
for@@dø@@mme	1
for@@dø@@mm@@er	1
for@@d@@ær@@velse	1
for@@d@@ær@@ve	1
for@@bry@@der	1
for@@barm@@e	1
for@@ba@@r@@m	1
for@@b@@an@@der	1
for@@b@@an@@delse	1
fal@@dne	1
fal@@der	1
fal@@de@@t	1
fal@@de	1
fal@@d@@t	1
fal@@d	1
fa@@tt@@ige	1
fa@@tt@@ig	1
fa@@r@@lighe@@der	1
f@@æ@@st@@n@@in@@gen	1
f@@æ@@l@@de	1
f@@l@@y@@gt@@e	1
f@@l@@y@@e	1
f@@j@@en@@de	1
f@@e@@st	1
f@@e@@be@@ren	1
f@@e@@be@@r	1
f@@an@@ge@@v@@o@@gt@@e@@ren	1
f@@an@@ge	1
ev@@inde@@lig@@en	1
ev@@inde@@lig	1
ev@@ige	1
ev@@ig@@t	1
ev@@ig	1
er@@k@@en@@der	1
enge@@l@@s	1
enge@@l@@ens	1
enge@@l@@en	1
enge@@l	1
en@@ke	1
en@@k@@en	1
en@@g@@l@@en	1
elsk@@er	1
elsk@@ede	1
elsk@@e@@lige	1
elsk@@e	1
e@@d@@d@@i@@ke	1
dø@@ve	1
dø@@e	1
dø@@ds@@r@@ig@@et	1
dø@@des	1
dø@@dens	1
dø@@den	1
dø@@de	1
dø@@d	1
dy@@ret@@s	1
dy@@ret	1
dy@@re@@ba@@re	1
den@@a@@r	1
d@@ø	1
d@@æ@@mo@@n@@en	1
d@@æ@@mo@@n	1
d@@år@@ska@@b	1
d@@år@@ligt	1
d@@år@@lig	1
d@@å@@re	1
d@@u@@e	1
d@@ræ@@b@@e	1
d@@r@@uk@@ner	1
d@@r@@uk@@ne	1
d@@jæ@@vel@@ens	1
d@@jæ@@vel@@en	1
d@@aa@@re	1
d@@aa@@r@@lighed	1
d@@aa@@r@@lige	1
d@@a@@de@@l@@fr@@i	1
c@@e@@re@@mo@@ni@@e@@l@@t	1
bry@@l@@l@@u@@p	1
bry@@de	1
br@@ækk@@et	1
br@@ækk@@ede	1
br@@ud@@t	1
br@@an@@d	1
blin@@des	1
blin@@de	1
blin@@d	1
be@@spott@@ede	1
be@@spott@@e@@lse	1
be@@spott@@e	1
be@@sk@@æ@@mme	1
be@@sa@@t	1
be@@lø@@n@@ne	1
be@@lø@@n@@n@@ing	1
be@@k@@ym@@rer	1
be@@k@@ym@@re@@de	1
be@@k@@ym@@re	1
be@@ha@@ge	1
be@@ha@@g	1
be@@d@@rø@@velse	1
be@@d@@rø@@ve@@de	1
be@@d@@re	1
barm@@hj@@er@@t@@ighed	1
barm@@hj@@er@@t@@ige	1
barm@@hj@@er@@t@@ig	1
b@@yr@@de	1
b@@un@@dne	1
b@@or@@te	1
b@@or@@t@@f@@øre@@ls@@en	1
b@@il@@lig	1
b@@an@@ge	1
an@@st@@ø@@d	1
an@@n@@a@@mme	1
an@@k@@la@@ge	1
an@@g@@re@@b	1
a@@v@@in@@d	1
a@@r@@re@@st@@er@@e	1
a@@l@@m@@is@@s@@er	1
a@@kk@@u@@ra@@t	1
a@@f@@stan@@d	1
a@@f@@grun@@den	1
a@@an@@delige	1
a@@an@@de@@lig	1
