हस@@ल	1
हस@@प	1
हस@@क	1
हस	1
हर@@त@@रहक	1
हर@@घ@@ड	1
हन@@त	1
हत	1
हक	1
ह@@हर	1
ह@@ठ	1
सह	1
सरम	1
सर@@ण	1
सर	1
समझ@@स	1
समझ@@श@@क	1
समझ@@द	1
सम@@यअघ	1
सम@@पन	1
सम@@झ	1
सम	1
सङ	1
स@@हन@@श	1
स@@ह@@कर	1
स@@सह	1
स@@सर@@ह	1
स@@व@@क	1
स@@रमम	1
स@@य	1
स@@भव	1
स@@फ	1
स@@प@@छ	1
स@@ध	1
स@@द	1
स@@त	1
स@@जस	1
स@@ज	1
स@@घ	1
स@@क@@ह	1
स@@अन	1
ष@@रह	1
ष@@यल	1
ष@@म@@त	1
ष@@म	1
ष@@द@@न	1
ष@@ड	1
ष@@कल	1
श@@हर@@ब	1
श@@रम@@क	1
श@@नम	1
श@@नक	1
श@@न	1
श@@त	1
श@@ङ	1
वर@@न	1
वर@@द	1
वत@@हर	1
वत@@न	1
वत@@क	1
व@@ह	1
व@@श@@म	1
व@@श	1
व@@र	1
व@@प	1
व@@नद	1
व@@न@@ब	1
व@@न	1
व@@द	1
व@@ट	1
व@@ञ	1
व@@च@@नस	1
व@@कहर	1
व@@कल	1
लम@@ख	1
लम	1
लत	1
लज	1
लच@@स	1
लच@@ल@@नद	1
लच	1
ल@@रल	1
ल@@द@@ङ	1
ल@@ड	1
ल@@ठ	1
ल@@ङ	1
ल@@ख	1
ल@@कप@@नक	1
रहन	1
रहक	1
रह@@ल	1
रह@@म	1
रह@@द	1
रह@@त	1
रह@@ण@@य	1
रह	1
रव@@सह	1
रव@@श	1
रव@@मय	1
रव@@क	1
रव	1
रल@@यअघ	1
रल@@य	1
रमम	1
रम@@स	1
रम@@ब	1
रम@@ण@@ल	1
रम@@ण	1
रत	1
रक	1
र@@सन	1
र@@स	1
र@@श@@स	1
र@@श	1
र@@यत	1
र@@य	1
र@@बल	1
र@@न	1
र@@दय	1
र@@तर	1
र@@झ	1
र@@ज@@ल	1
र@@ज	1
र@@गत@@भन	1
र@@ग	1
यल	1
यभ	1
यन	1
यत	1
य@@सव	1
य@@सर@@क	1
य@@स@@स	1
य@@व	1
य@@रत	1
य@@मय	1
य@@बम	1
य@@ब	1
य@@प@@द	1
य@@नक	1
य@@थ	1
य@@जनक	1
य@@क	1
मर	1
मय	1
मप	1
मन@@न	1
मन@@ग	1
मत@@ल@@व	1
मत@@भ	1
म@@हर	1
म@@हत	1
म@@ह@@जस	1
म@@ह	1
म@@सक	1
म@@व	1
म@@लम@@ल	1
म@@लत	1
म@@रणम	1
म@@भ	1
म@@दत	1
म@@द	1
म@@थक	1
म@@जस	1
म@@च	1
म@@गर	1
म@@क	1
भव@@ल	1
भव@@नम	1
भव@@न@@भ	1
भव	1
भए@@म	1
भए@@नन	1
भए@@झ	1
भ@@स	1
भ@@ल	1
भ@@र@@पर	1
भ@@र	1
भ@@यल	1
भ@@यभ	1
भ@@नम	1
भ@@ङ	1
भ@@क	1
बल@@व	1
बल@@ल	1
बल@@क	1
बल	1
बन	1
ब@@हर	1
ब@@हक	1
ब@@ह@@न	1
ब@@ह	1
ब@@लत	1
ब@@य	1
ब@@ढ@@द	1
फस	1
फ@@लच	1
फ@@ल@@ह	1
फ@@नस	1
पव	1
पर	1
पत@@न@@तर	1
पत@@न	1
प@@श	1
प@@ल	1
प@@रह	1
प@@रव	1
प@@रम@@धन	1
प@@रक	1
प@@मय	1
प@@ब	1
प@@प	1
प@@न@@हर	1
प@@थ	1
प@@क	1
प@@उन	1
नसम	1
नरक@@म	1
नरक@@क	1
नर	1
नम	1
नगन	1
नआ@@त	1
नआ@@एक	1
न@@हल	1
न@@सर	1
न@@ष	1
न@@वत	1
न@@लज	1
न@@रहन	1
न@@बन	1
न@@ब@@त	1
न@@फ	1
न@@पर	1
न@@डर	1
न@@ड	1
न@@ट	1
न@@झ@@र	1
न@@च@@ल	1
न@@च	1
न@@घ@@ट	1
न@@अग	1
धन@@व	1
धन@@त	1
धन	1
ध@@हर	1
ध@@व	1
ध@@म	1
ध@@ब	1
ध@@पन	1
ध@@प	1
ध@@नसम	1
ध@@नर	1
ध@@नक	1
ध@@दम	1
ध@@त	1
ध@@क	1
दल@@ल	1
दल@@ब	1
दर	1
दय	1
दम	1
दत	1
द@@ह	1
द@@सह	1
द@@सम	1
द@@स	1
द@@लम	1
द@@यन	1
द@@य@@हर	1
द@@भ	1
द@@नम	1
द@@ण	1
द@@कहर	1
थ@@हर	1
थ@@रल	1
थ@@र@@थ@@र	1
तल	1
तर@@हर	1
तर@@बम	1
तर@@प	1
त@@हस@@न@@हस	1
त@@सन	1
त@@लत	1
त@@ल@@क	1
त@@ब@@स	1
त@@प@@ट	1
त@@न@@मनल	1
त@@न	1
त@@त	1
त@@ड	1
त@@ज	1
णम	1
ण@@त@@य	1
ढ@@ङ	1
डर	1
ड@@वत	1
ड@@रल	1
ड@@च@@ढ	1
ड@@गम@@ग	1
ठ@@श	1
ठ@@र	1
ठ@@ग	1
ठ@@क	1
टहर	1
ट@@हल	1
ट@@प	1
ट@@न@@भन	1
ट@@घ	1
ञ@@त	1
झ@@ब	1
झ@@द	1
झ@@ड	1
झ@@ट	1
झ@@गड	1
जस	1
जनक	1
ज@@सव	1
ज@@सर	1
ज@@ल@@प	1
ज@@य@@च	1
ज@@य	1
ज@@मर	1
ज@@ब@@र	1
ज@@नसम	1
ज@@नद	1
ज@@ड	1
ज@@ङ	1
छर@@म	1
छर@@प@@स	1
छ@@ल	1
छ@@न	1
छ@@त	1
च@@हक	1
च@@लम	1
च@@रणम	1
च@@य@@प	1
च@@कन	1
घम@@न	1
घम@@ण	1
घ@@र@@द	1
गर	1
गम@@नक	1
गम@@ञ	1
गत@@म	1
गड	1
गइ@@सक	1
गइ@@रहन	1
ग@@हक	1
ग@@ल	1
ग@@पत	1
ग@@नगन	1
ग@@द	1
ग@@त	1
ग@@ड@@ब@@ड	1
ग@@अन	1
ख@@र	1
ख@@बन	1
ख@@तर	1
ख@@त	1
ख@@ण	1
कल	1
करण@@स	1
करण@@द	1
कर@@म	1
कर@@प	1
कर@@ण	1
कर	1
कप@@टल	1
कप@@ट@@रह	1
क@@सङ	1
क@@ष@@ण	1
क@@ष	1
क@@ल@@हर	1
क@@म@@ज	1
क@@म	1
क@@दर	1
क@@द	1
क@@थ	1
क@@ड	1
क@@ठ	1
क@@टहर	1
औ@@ड	1
ओ@@स	1
ओ@@र	1
ओ@@त@@प	1
एक@@ट@@क	1
एक@@च	1
एक	1
ए@@मप	1
ए@@झ	1
ए@@छ	1
ऊ@@हर	1
ऊ@@म	1
ऊ@@ब	1
उन	1
उ@@म@@ङ	1
उ@@म	1
उ@@प@@ह	1
उ@@नसम	1
उ@@न@@सक	1
उ@@द@@ल	1
उ@@द	1
उ@@त	1
उ@@ग	1
ई@@स	1
ई@@ष	1
ई@@ल	1
ई@@र	1
ई@@च	1
ई@@ख	1
इ@@र	1
इ@@नद	1
इ@@द	1
इ@@कन	1
इ@@ए@@ल	1
इ@@अन	1
आ@@श	1
आ@@ल@@ट	1
आ@@ल	1
आ@@र	1
आ@@पत	1
आ@@नन	1
आ@@दर	1
आ@@द@@र@@प	1
आ@@त@@सल	1
आ@@त	1
आ@@ग@@मनल	1
आ@@ग	1
आ@@इ@@ल	1
अव@@ह	1
अव@@सरम	1
अव@@स	1
अव@@ध	1
अघ	1
अग	1
अ@@ह@@ङ	1
अ@@सह	1
अ@@सल	1
अ@@सम	1
अ@@सन	1
अ@@स@@फ@@ल	1
अ@@स	1
अ@@श	1
अ@@व	1
अ@@ल@@पत	1
अ@@य@@ह	1
अ@@म@@रत	1
अ@@म	1
अ@@भ@@द	1
अ@@फस	1
अ@@पव	1
अ@@पन	1
अ@@प@@म	1
अ@@प	1
अ@@नर	1
अ@@नन	1
अ@@थक	1
अ@@तल	1
अ@@त	1
अ@@टल	1
अ@@च@@म	1
