über@@wi@@nd@@et	1
über@@wi@@nd@@er	1
über@@w@@un@@den	1
über@@vor@@t@@ei@@lt	1
über@@sie@@d@@el@@ung	1
über@@schw@@e@@mm@@ung	1
über@@ra@@gt	1
über@@lie@@fer@@te	1
über@@lie@@fer@@n	1
über@@la@@ssen	1
über@@h@@e@@b@@lich	1
über@@f@@lu@@t@@ung	1
über@@f@@lu@@ss	1
über@@ein@@st@@i@@mm@@ung	1
ü@@p@@p@@igkeit	1
ö@@ff@@n@@e@@te	1
ö@@ff@@ent@@li@@chen	1
ö@@de	1
äh@@n@@lich	1
ä@@u@@ß@@er@@e	1
ä@@tz@@en@@den	1
ä@@r@@ger@@nis	1
ä@@r@@ger	1
ä@@o@@ni@@sch@@es	1
ä@@o@@ni@@sch@@en	1
ä@@o@@ni@@sch@@e	1
ä@@o@@n	1
ä@@nd@@er@@n	1
zu@@ver@@si@@cht@@lich	1
zu@@ver@@si@@cht	1
zu@@ver@@lä@@ss@@ig	1
zu@@trau@@en	1
zu@@sp@@ru@@ch	1
zu@@sch@@an@@den	1
zu@@sa@@ge	1
zu@@rei@@s	1
zu@@k@@ü@@n@@ft@@ige	1
zu@@k@@un@@ft	1
zu@@gr@@un@@de	1
zu@@gef@@al@@len	1
zei@@ten	1
z@@wi@@sch@@en	1
z@@wi@@e@@sp@@al@@t	1
z@@un@@i@@chte	1
z@@un@@ei@@g@@ung	1
z@@or@@n@@s	1
z@@or@@n@@ig	1
z@@or@@n@@ger@@i@@cht	1
z@@or@@n@@es	1
z@@or@@n	1
z@@i@@el@@verf@@eh@@l@@ung	1
z@@er@@st@@ör@@t	1
z@@er@@st@@ör@@en	1
z@@er@@r@@te	1
z@@er@@r@@i@@ß	1
z@@er@@r@@i@@ss	1
z@@an@@k	1
z@@an@@c@@k	1
wil@@s	1
wil@@lig	1
wil@@len	1
wil@@den	1
wil@@de	1
wi@@t@@w@@e	1
wi@@r@@dig	1
wi@@e	1
wi@@der@@wi@@r@@k@@er@@s	1
wi@@der@@wi@@r@@k@@er	1
wi@@der@@se@@tzen	1
wi@@der@@sa@@ch@@er	1
wi@@d@@w@@e	1
wi@@d@@er	1
wi@@cht@@ig	1
wer@@t@@v@@ol@@l@@er	1
wer@@t@@los	1
wer@@t	1
wer@@d	1
wei@@te@@m	1
wei@@sen	1
wei@@s@@heit	1
wei@@s@@e	1
wei@@nen	1
wei@@h@@r@@au@@ch	1
wei@@h@@e	1
war@@ne	1
war@@lich	1
war@@heit	1
war@@f	1
w@@ür@@dig	1
w@@ür@@d@@e@@st	1
w@@ü@@n@@sch@@t	1
w@@ör@@t@@l	1
w@@un@@de	1
w@@u@@t	1
w@@ol@@k@@e	1
w@@ol@@gef@@al@@len	1
w@@ol@@cken	1
w@@o@@n@@ne	1
w@@o@@h@@l@@gef@@ä@@l@@lig	1
w@@o@@h@@l@@gef@@al@@len	1
w@@en@@igen	1
w@@en@@ig@@st@@en@@s	1
w@@en@@i@@ger	1
w@@en@@den	1
w@@ein@@ten	1
w@@ein@@te	1
w@@ein@@t	1
w@@ein@@et	1
w@@ein@@e@@ten	1
w@@ein@@e@@te	1
w@@eh@@kla@@gen	1
w@@eh@@ge@@ta@@n	1
w@@eh@@e	1
w@@e@@h	1
w@@e@@g@@f@@ühr@@ung	1
w@@an@@ge	1
w@@ah@@re@@s	1
w@@ah@@r@@heit	1
w@@ah@@r	1
vor@@z@@ü@@g@@lich@@er	1
vor@@wer@@fen	1
vor@@w@@ur@@f	1
vor@@tre@@ff@@lich@@e	1
vor@@tre@@ff@@lich	1
vor@@tre@@ff@@li@@chen	1
vor@@le@@g@@ung	1
vor@@b@@il@@d@@lich@@es	1
vor@@au@@s	1
vn@@wil@@lig	1
vn@@wi@@ss@@en@@heit	1
vn@@t@@u@@gen@@t	1
vn@@rein@@igkeit	1
vn@@re@@cht	1
vn@@kr@@au@@t	1
vn@@glau@@ben@@s	1
vn@@glau@@ben	1
verf@@ür@@en	1
verf@@ühr@@ung	1
verf@@ühr@@t	1
verf@@ühr@@er	1
verf@@ühr@@en	1
verf@@ühr@@e	1
verf@@ol@@gen	1
verf@@ol@@g@@ung	1
verf@@lu@@chten	1
verf@@lu@@cht	1
verf@@eh@@lt	1
verf@@eh@@l@@ungen	1
ver@@zei@@h@@t	1
ver@@zei@@h@@en	1
ver@@z@@i@@eh@@en	1
ver@@wi@@r@@r@@ung	1
ver@@w@@es@@ung	1
ver@@w@@es@@lich@@e	1
ver@@w@@el@@k@@ten	1
ver@@ur@@t@@ei@@lt	1
ver@@ur@@t@@ei@@len	1
ver@@ur@@t@@ei@@l@@ung	1
ver@@un@@rein@@ig@@t	1
ver@@trau@@t	1
ver@@trau@@en	1
ver@@t@@ra@@w@@en	1
ver@@t@@ra@@u	1
ver@@t@@ra@@ge@@s	1
ver@@t@@ra@@g	1
ver@@sünd@@ig@@t	1
ver@@stä@@nd@@nis	1
ver@@stä@@nd@@igen	1
ver@@stä@@nd@@ig	1
ver@@stan@@den	1
ver@@stan@@d	1
ver@@st@@eh@@t	1
ver@@st@@eh@@et	1
ver@@st@@eh@@en	1
ver@@sp@@re@@chen	1
ver@@sch@@lin@@gen	1
ver@@sch@@le@@p@@p@@ung	1
ver@@sch@@ie@@den@@e	1
ver@@s@@u@@ch@@ung	1
ver@@rie@@te	1
ver@@rei@@st@@e	1
ver@@ra@@ten	1
ver@@ra@@te	1
ver@@ra@@t@@en@@de	1
ver@@r@@ü@@c@@kt	1
ver@@r@@ä@@ter	1
ver@@r@@ha@@ten	1
ver@@r@@h@@ie@@te	1
ver@@p@@r@@ü@@ge@@lt	1
ver@@or@@d@@nung	1
ver@@ni@@chten	1
ver@@ni@@cht@@ung	1
ver@@n@@eh@@men	1
ver@@ma@@g	1
ver@@lu@@st	1
ver@@li@@er@@t	1
ver@@li@@er@@en	1
ver@@le@@um@@der@@i@@s@@ch	1
ver@@le@@um@@d@@ungen	1
ver@@le@@u@@g@@nen	1
ver@@le@@tzen	1
ver@@le@@tz@@t	1
ver@@le@@gen@@heit	1
ver@@la@@ssen	1
ver@@l@@or@@en	1
ver@@l@@an@@gen	1
ver@@kr@@ü@@p@@p@@el@@ten	1
ver@@kla@@gen	1
ver@@k@@lä@@re@@t	1
ver@@k@@lä@@r@@t	1
ver@@k@@l@@er@@et	1
ver@@k@@ehr@@te@@s	1
ver@@k@@ehr@@te	1
ver@@i@@r@@r@@t	1
ver@@herr@@lich@@ung	1
ver@@herr@@lich@@e	1
ver@@herr@@li@@cht	1
ver@@herr@@li@@chen	1
ver@@hei@@ß@@ung	1
ver@@hei@@ss@@ung	1
ver@@hei@@ss@@un@@ge	1
ver@@ha@@f@@ten	1
ver@@go@@ssen	1
ver@@geb@@ung	1
ver@@geb@@t	1
ver@@geb@@lich	1
ver@@geb@@en	1
ver@@ge@@ssen	1
ver@@ge@@l@@ten	1
ver@@ge@@be@@t	1
ver@@g@@lei@@chen	1
ver@@g@@i@@b@@t	1
ver@@g@@i@@b	1
ver@@di@@en@@t	1
ver@@der@@ben	1
ver@@da@@mmen	1
ver@@da@@mm@@ung	1
ver@@da@@mm@@nis	1
ver@@da@@m@@nis	1
ver@@da@@m@@nen	1
ver@@d@@or@@r@@te	1
ver@@br@@en@@nen	1
ver@@b@@ro@@chen	1
ver@@b@@re@@chen	1
ver@@b@@o@@c@@kt	1
ver@@b@@an@@nung	1
ver@@an@@t@@w@@or@@t@@un@@g@@s@@be@@w@@u@@ss@@t	1
ver@@an@@la@@ss@@ung	1
ver@@a@@chten	1
v@@ö@@l@@lig	1
v@@ol@@l@@er	1
v@@mm@@ü@@g@@lich	1
v@@m@@b@@b@@re@@chten	1
v@@lei@@ss@@ig	1
v@@i@@si@@o@@n	1
v@@i@@el@@ge@@lieb@@ten	1
v@@ber@@wi@@nd@@et	1
v@@ber@@wi@@n@@den	1
v@@ber@@w@@un@@den	1
un@@zu@@cht	1
un@@z@@ü@@cht@@igen	1
un@@z@@ü@@cht@@i@@ger	1
un@@wil@@lig	1
un@@wi@@ss@@en@@heit	1
un@@w@@ah@@re@@s	1
un@@ver@@stä@@nd@@ig	1
un@@ver@@stan@@d	1
un@@ver@@di@@en@@ten	1
un@@ver@@di@@en@@te	1
un@@ter@@w@@el@@t	1
un@@ter@@sp@@ü@@lt	1
un@@ter@@g@@an@@g	1
un@@ta@@d@@e@@lig	1
un@@t@@u@@gen@@d	1
un@@si@@tt@@lich@@keit	1
un@@sch@@ul@@dig	1
un@@s@@er@@e@@m	1
un@@rein@@igkeit	1
un@@rein@@heit	1
un@@rein@@es	1
un@@rei@@nen	1
un@@rei@@n	1
un@@re@@cht	1
un@@or@@den@@t@@lich	1
un@@or@@den@@t@@li@@chen	1
un@@or@@d@@nung	1
un@@m@@ö@@g@@lich	1
un@@m@@or@@a@@l	1
un@@lau@@ter@@keit	1
un@@kr@@au@@t	1
un@@glau@@ben@@s	1
un@@glau@@ben	1
un@@gere@@chten	1
un@@gere@@cht@@igkeit	1
un@@gere@@cht	1
un@@ge@@ma@@ch	1
un@@ge@@le@@gen@@heit	1
un@@ge@@h@@or@@sa@@m	1
un@@g@@lä@@u@@b@@i@@ge@@s	1
un@@g@@l@@ü@@c@@k	1
un@@er@@sch@@ü@@tt@@er@@lich	1
un@@er@@sch@@ro@@cken	1
un@@be@@sch@@ol@@ten	1
un@@be@@d@@eu@@t@@en@@d	1
um@@zu@@k@@ehr@@en	1
um@@zu@@br@@in@@gen	1
um@@s@@o@@n@@st	1
um@@ko@@mmen	1
um@@k@@eh@@r	1
um@@den@@kt	1
um@@br@@ä@@chten	1
um@@br@@in@@gen	1
tre@@w@@er	1
tre@@w	1
tre@@u	1
tre@@g@@lich@@er	1
trau@@r@@igkeit	1
trau@@r@@ig	1
trau@@er@@n	1
trau@@er	1
tr@@ü@@b@@sa@@l	1
tr@@ö@@st@@et	1
tr@@ö@@st@@e	1
tr@@un@@ken	1
tr@@un@@cken	1
tr@@u@@g	1
tr@@en@@nung	1
tr@@en@@n@@t	1
tod@@ten	1
tod@@s	1
tod@@es@@w@@ür@@di@@ge@@s	1
tod@@es@@ur@@t@@ei@@l	1
tod@@es@@stra@@f@@e	1
tod@@es@@gef@@ah@@r	1
tod@@es@@für@@sten	1
tod@@es@@für@@st	1
tod@@es	1
to@@ter	1
to@@ten	1
to@@te	1
to@@t@@en@@rei@@ch	1
to@@t	1
to@@r	1
to@@de	1
to@@d	1
te@@ur@@en	1
te@@u@@re@@m	1
te@@u@@fe@@l	1
te@@u@@f@@el@@s	1
te@@st@@a@@m@@ent@@s	1
te@@st@@a@@m@@en@@t	1
ta@@ge@@s@@lo@@h@@n	1
ta@@d@@el@@los	1
ta@@d@@e@@l	1
t@@ör@@i@@chten	1
t@@ör@@i@@chte	1
t@@ör@@i@@cht	1
t@@ö@@tet	1
t@@ö@@ten	1
t@@ö@@te@@ten	1
t@@ö@@d@@tet	1
t@@ö@@d@@ten	1
t@@ro@@t@@z	1
t@@ro@@st	1
t@@reu@@er	1
t@@reu@@en	1
t@@reu@@e	1
t@@ra@@w@@r@@igkeit	1
t@@or@@heit	1
t@@i@@er@@s	1
t@@i@@er@@es	1
t@@i@@er	1
t@@hör@@i@@chten	1
t@@hör@@i@@cht	1
t@@h@@or@@heit	1
t@@h@@i@@er@@s	1
t@@h@@i@@er	1
t@@au@@m@@el@@lo@@l@@ch	1
t@@au@@b@@e	1
t@@ar@@nen	1
sünd@@ig@@t	1
sünd@@i@@ger	1
sünd@@i@@ge@@t	1
sünd@@f@@lu@@t	1
sünd@@er	1
sünd@@e	1
sü@@ß	1
sü@@n@@den	1
stä@@r@@ken	1
stä@@r@@k@@e	1
stra@@ig@@h@@t	1
stra@@h@@l@@ung	1
stra@@fen	1
stra@@f@@ger@@i@@cht	1
stra@@f@@e	1
ster@@nd@@eu@@ter	1
ster@@ben	1
ster@@b@@e	1
stan@@d@@ha@@ft@@igkeit	1
stan@@d@@ha@@ft	1
stan@@d@@ha@@f@@ten	1
stan@@d@@ha@@f@@te@@s	1
st@@ür@@z@@te	1
st@@ür@@z@@t	1
st@@ür@@z@@en	1
st@@rei@@ten	1
st@@rei@@t@@s@@u@@cht	1
st@@r@@i@@ch	1
st@@r@@au@@ch@@eln	1
st@@ol@@z	1
st@@il@@l	1
st@@i@@r@@be@@t	1
st@@i@@r@@b@@t	1
st@@i@@ft@@ung	1
st@@el@@len	1
st@@el@@en	1
st@@ein@@ige	1
st@@ei@@ni@@chte	1
st@@eh@@len	1
st@@ar@@ken	1
st@@ar@@k@@er	1
st@@ar@@k	1
st@@ar@@c@@k	1
sp@@ä@@t	1
sp@@u@@c@@k@@ten	1
sp@@i@@en	1
sp@@al@@te@@te	1
sie@@gt	1
sie@@ger	1
sie@@g@@rei@@ch	1
sie@@g	1
si@@nd@@f@@lu@@t	1
se@@x@@sa@@chen	1
se@@li@@g@@keit	1
se@@k@@te	1
se@@gn@@et	1
se@@gn@@e@@te	1
se@@gen	1
se@@g@@nen	1
schä@@nd@@lich@@e@@m	1
schä@@men	1
schä@@me	1
schä@@m@@t	1
schä@@m@@et	1
schä@@d@@igen	1
schw@@ä@@ch@@e	1
schw@@er@@ver@@b@@re@@ch@@er	1
schw@@er@@lich	1
schw@@er	1
schw@@el@@gere@@i	1
schw@@el@@ger@@ei@@en	1
schw@@a@@chen	1
schw@@a@@ch@@heit	1
schw@@a@@ch@@eit	1
schw@@a@@ch	1
sch@@ü@@tt@@el@@ten	1
sch@@ü@@tt@@el@@t	1
sch@@ü@@ss@@eln	1
sch@@ö@@nen	1
sch@@wi@@er@@ig	1
sch@@ul@@dig	1
sch@@ul@@d	1
sch@@re@@cken	1
sch@@n@@el@@l	1
sch@@ma@@ch	1
sch@@m@@äh@@en	1
sch@@m@@er@@z@@en	1
sch@@m@@er@@z	1
sch@@m@@e@@cken	1
sch@@lin@@ge	1
sch@@li@@mm@@er	1
sch@@le@@chten	1
sch@@le@@chte	1
sch@@le@@cht@@er	1
sch@@le@@cht	1
sch@@le@@ch@@te@@s	1
sch@@la@@u	1
sch@@la@@chte	1
sch@@l@@an@@ge	1
sch@@i@@ss	1
sch@@ei@@den	1
sch@@e@@me	1
sch@@e@@m@@et	1
sch@@e@@ff@@eln	1
sch@@au@@b@@ro@@te	1
sch@@an@@den	1
sch@@an@@de	1
sch@@a@@w@@b@@ro@@t	1
sch@@a@@t@@z	1
sch@@a@@den	1
sa@@ta@@n	1
sa@@ge	1
s@@üh@@n@@o@@p@@f@@er	1
s@@or@@gt	1
s@@or@@gen	1
s@@or@@ge@@t	1
s@@or@@ge	1
s@@ol@@lt	1
s@@ol@@chen	1
s@@o	1
s@@kla@@ver@@e@@i	1
s@@kla@@v@@i@@n	1
s@@kla@@v@@en	1
s@@kla@@v@@e	1
s@@in@@t@@f@@lu@@t	1
s@@in@@nen	1
s@@in@@n@@ten	1
s@@in@@n@@es@@ä@@nd@@er@@ung	1
s@@in@@n	1
s@@el@@b@@st@@sü@@cht@@igen	1
s@@el@@b@@st@@s@@u@@cht	1
s@@eh@@r	1
s@@au@@er	1
s@@au@@b@@er	1
s@@an@@ft@@mu@@t	1
s@@al@@b@@ö@@l	1
ru@@h@@m	1
ru@@h@@e	1
ru@@ge	1
ru@@ch@@lo@@sen	1
rie@@s@@en@@p@@ar@@t@@y	1
reu@@ch@@wer@@g@@s	1
rein@@igen	1
rein@@ig@@ung	1
rein@@e@@m	1
rei@@ni@@ge@@t	1
rei@@n	1
rei@@f	1
rei@@cht@@u@@m	1
rei@@chen	1
rei@@ch@@lich	1
rei@@ch@@er	1
rei@@ch@@e	1
rei@@ch	1
re@@tt@@ung	1
re@@sp@@e@@kt	1
re@@chten	1
re@@cht@@t@@un@@s	1
re@@cht@@t@@u@@n	1
re@@cht	1
ra@@t@@los	1
ra@@ch@@e	1
r@@ühr@@te	1
r@@üh@@re@@te	1
r@@üh@@men	1
r@@üh@@me	1
r@@ü@@re@@t	1
r@@ä@@u@@ch@@er@@wer@@k	1
r@@ä@@n@@k@@es@@u@@cht	1
r@@un@@ter	1
r@@h@@ü@@men	1
r@@h@@ü@@me	1
r@@ent@@en@@al@@ter	1
r@@aus@@re@@den	1
r@@aus@@ko@@mmen	1
r@@aus@@h@@ä@@n@@gen	1
r@@au@@ch@@f@@a@@ß	1
q@@u@@ä@@len	1
q@@u@@el@@le	1
q@@u@@al@@en	1
q@@u@@a@@l	1
p@@rei@@sen	1
p@@rei@@s@@e	1
p@@rei@@s	1
p@@ra@@h@@len	1
p@@la@@t@@t	1
p@@la@@ge	1
p@@l@@ü@@nd@@er@@n	1
p@@en@@nen	1
p@@en@@n@@er	1
p@@ein@@lich	1
p@@ein@@ig@@ung	1
p@@ei@@n	1
p@@an@@i@@k	1
p@@a@@ss@@ah@@fe@@st@@es	1
o@@ster@@fe@@st@@es	1
o@@p@@fer@@g@@ab@@e	1
o@@p@@f@@er	1
o@@ber@@sten	1
o@@ber@@p@@rie@@ster@@n	1
o@@ber@@p@@rie@@st@@er	1
o@@b@@da@@ch@@los	1
o@@b@@da@@ch@@lo@@sen	1
ni@@d@@er	1
ni@@cht@@s	1
n@@ü@@tzen	1
n@@ü@@tz@@t	1
n@@ü@@tz@@lich	1
n@@u@@tzen	1
n@@u@@tz@@los	1
n@@u@@t@@te	1
n@@ie@@der@@rei@@ß@@en	1
n@@ie@@d@@er	1
n@@ei@@di@@s@@ch	1
n@@ei@@d	1
n@@eh@@me	1
n@@e@@t@@t	1
n@@a@@t@@u@@r	1
n@@a@@d@@el@@ö@@h@@r	1
n@@a@@ch@@ge@@la@@ssen	1
mu@@te@@s	1
ma@@k@@el@@los	1
ma@@g@@d	1
ma@@cht@@v@@ol@@l	1
m@@üh@@e	1
m@@ü@@g@@lich	1
m@@ü@@de	1
m@@ör@@d@@er	1
m@@ö@@g@@lich	1
m@@ö@@chte	1
m@@ä@@ß@@ig	1
m@@ä@@cht@@ig	1
m@@ä@@cht@@i@@ger	1
m@@il@@li@@o@@n@@ä@@r	1
m@@il@@de	1
m@@i@@tt@@el@@p@@un@@kt	1
m@@i@@t@@lei@@d	1
m@@i@@t@@gef@@üh@@l	1
m@@i@@st	1
m@@i@@ss@@h@@an@@d@@el@@t	1
m@@ein@@e	1
m@@ah@@ne	1
m@@ah@@l@@se@@gen	1
läster@@ungen	1
läster@@ung	1
läster@@ten	1
läster@@n	1
läster@@lich	1
lu@@x@@u@@s	1
lo@@h@@n	1
lo@@b@@p@@rei@@s	1
lo@@b@@e	1
lo@@b	1
lieb@@t	1
lieb@@st	1
lieb@@h@@ab@@en	1
lieb@@h@@ab@@e	1
lieb@@er	1
lieb@@en	1
lieb@@e	1
lie@@gen@@d	1
lie@@gen	1
lie@@ben@@den	1
lie@@ben@@de	1
lie@@be@@v@@ol@@l	1
lie@@be@@t	1
lie@@b	1
li@@st	1
lei@@den@@den	1
lei@@den	1
lei@@de	1
lei@@d@@et	1
lei@@d	1
le@@u@@chten	1
le@@ster@@ung	1
le@@ster@@n	1
le@@gt	1
le@@er	1
le@@ben@@dig	1
le@@ben@@den	1
le@@ben@@de	1
le@@ben@@d@@igen	1
le@@ben@@d@@ige	1
le@@ben@@d	1
le@@b@@t	1
lau@@ter@@keit	1
la@@sten	1
la@@st	1
la@@men	1
la@@h@@men	1
la@@h@@me	1
la@@ger@@n	1
la@@ger	1
l@@ü@@gn@@er	1
l@@ü@@gen@@er	1
l@@ü@@ge	1
l@@ö@@ff@@eln	1
l@@an@@g@@mu@@t	1
l@@an@@g@@m@@ü@@t@@ig	1
l@@an@@den	1
kr@@ü@@p@@p@@e@@l	1
kr@@äh@@t	1
kr@@äh@@et	1
kr@@ä@@ft@@ig	1
kr@@an@@ken	1
kr@@an@@k@@heit	1
kr@@an@@k@@er	1
kr@@an@@c@@k@@heit	1
ko@@sten	1
ko@@st@@bar@@er	1
ko@@st@@bar@@en	1
ko@@st@@b@@a@@re@@m	1
ko@@h@@l@@da@@mp@@f	1
kla@@gen	1
kla@@ge	1
ka@@s@@er@@ne	1
ka@@p@@u@@tt@@ma@@chen	1
ka@@p@@u@@tt@@ge@@h@@en	1
ka@@p@@i@@er@@t	1
ka@@p@@i@@er@@en	1
ka@@mp@@f	1
k@@ü@@n@@ft@@igen	1
k@@ü@@n@@ft@@ige	1
k@@ü@@mm@@er@@n	1
k@@ö@@st@@lich@@e@@m	1
k@@ö@@n@@nen	1
k@@ä@@mp@@fen	1
k@@ä@@l@@te	1
k@@u@@ss	1
k@@rie@@g	1
k@@n@@e@@cht	1
k@@n@@a@@st	1
k@@lu@@gen	1
k@@lu@@g@@heit	1
k@@lu@@g	1
k@@lei@@n@@st@@e	1
k@@lau@@en	1
k@@l@@ar@@heit	1
k@@eu@@sch@@heit	1
k@@eu@@sch@@eit	1
k@@eu@@s@@ch	1
k@@er@@k@@er@@m@@ei@@st@@er	1
k@@er@@k@@er	1
k@@e@@mp@@ff@@en	1
k@@al@@t	1
j@@ü@@n@@g@@lin@@ge	1
j@@ü@@n@@g@@lin@@g	1
j@@ungen	1
j@@u@@gen@@t	1
j@@u@@gen@@d	1
j@@a@@mm@@er@@ten	1
j@@a@@mm@@er@@te	1
j@@a@@mm@@er@@t	1
j@@a@@m@@er@@te	1
in@@n@@er@@lich	1
in@@n@@er@@en	1
i@@r@@re@@f@@ühr@@en	1
i@@r@@r@@t@@u@@m	1
i@@mm@@er@@da@@r	1
i@@mm@@er	1
i@@m@@stan@@de	1
hör@@e	1
hun@@gr@@ig	1
hun@@ger@@te	1
hun@@ger@@t	1
hun@@ger@@s@@n@@o@@t	1
hun@@ger@@n	1
hun@@ger@@ig	1
hun@@ger	1
hun@@der@@t@@p@@ro@@z@@ent@@ig	1
ho@@h@@en@@p@@rie@@ster@@n	1
ho@@h@@en@@p@@rie@@st@@er	1
ho@@h@@en	1
ho@@ff@@t	1
ho@@ff@@nung	1
ho@@ff@@en	1
ho@@ff@@e	1
ho@@ch@@zei@@t@@sp@@ar@@t@@y	1
ho@@ch@@zei@@t@@s@@m@@ah@@l	1
ho@@ch@@zei@@t@@s@@fe@@st	1
ho@@ch@@zei@@t@@s@@f@@ei@@er	1
ho@@ch@@z@@eit	1
ho@@ch	1
herr@@lich@@keit	1
herr@@lich@@e	1
herr@@lich	1
herr@@li@@g@@keit	1
herr@@li@@chen	1
her@@vor@@ge@@h@@t	1
her@@un@@ter	1
her@@n@@ie@@der@@ko@@mmen	1
her@@n@@ie@@der@@ge@@ko@@mmen	1
her@@n@@ie@@d@@er	1
her@@ab@@st@@ei@@gen	1
her@@ab@@ko@@mmen	1
her@@ab@@ge@@st@@ie@@gen	1
her@@ab@@ge@@ko@@mmen	1
her@@a@@b	1
heili@@ger	1
heili@@gen	1
heili@@ge@@s	1
heili@@ge@@m	1
heili@@ge	1
heili@@g@@ung	1
heili@@g@@te	1
heili@@g@@keit	1
heili@@g	1
hei@@ra@@ten	1
hei@@len	1
hei@@le@@s	1
hei@@le	1
hei@@l@@sa@@men	1
hei@@l@@s	1
hei@@l	1
ha@@ssen	1
ha@@d@@es	1
h@@ü@@l@@ff@@e	1
h@@ü@@l@@f@@e	1
h@@ö@@l@@le	1
h@@ä@@ft@@lin@@g	1
h@@ur@@er@@e@@y	1
h@@ur@@er@@e@@i	1
h@@ur@@er	1
h@@ur@@e	1
h@@in@@un@@ter	1
h@@in@@r@@i@@cht@@ung	1
h@@in@@a@@b	1
h@@il@@f@@los	1
h@@il@@f@@e	1
h@@il@@f	1
h@@eu@@len	1
h@@eu@@ch@@el@@e@@y	1
h@@eu@@ch@@el@@e@@i	1
h@@el@@le	1
h@@el@@fen	1
h@@aus@@her@@r	1
h@@al@@ss@@au@@m	1
h@@al@@s	1
h@@ah@@n@@en@@sch@@re@@i	1
h@@ab@@s@@u@@cht	1
h@@ab@@g@@i@@er	1
gu@@ter	1
gu@@ten	1
gu@@te@@s	1
gu@@te@@m	1
gu@@te	1
gu@@t@@s	1
gu@@t	1
gro@@ß@@es	1
gro@@ß@@er	1
gro@@ß@@en	1
gro@@ß@@e	1
gro@@ß	1
gro@@ssen	1
gro@@ss@@er	1
gro@@ss@@e	1
gro@@ss	1
gro@@s	1
gr@@un@@d@@s@@ä@@tzen	1
gr@@i@@mm@@es	1
gr@@i@@m@@m	1
go@@tt@@ver@@trau@@en	1
go@@tt@@se@@li@@g@@keit	1
go@@tt@@lo@@sen	1
go@@tt@@lo@@s@@igkeit	1
go@@tt@@lo@@s@@e	1
go@@tt@@er@@ge@@ben@@heit	1
go@@t@@te@@st@@reu@@en	1
go@@t@@te@@st@@reu@@e	1
go@@t@@te@@s@@st@@i@@ft@@ung	1
go@@t@@te@@s@@läster@@ung	1
go@@t@@te@@s@@le@@ster@@ung	1
go@@t@@te@@s@@f@@ur@@cht	1
gn@@ä@@dig	1
gn@@a@@den@@ge@@sch@@en@@k	1
gn@@a@@den@@g@@ab@@e	1
gn@@a@@den	1
gn@@a@@de	1
glau@@ben@@s	1
glau@@ben	1
glau@@b@@w@@ür@@dig	1
glau@@b@@ha@@ft	1
glau@@b@@e	1
gere@@t@@tet	1
gere@@chten	1
gere@@chte	1
gere@@cht@@igkeit	1
gere@@cht@@er	1
gere@@cht	1
ger@@in@@g@@sten	1
ger@@in@@g@@st@@e	1
ger@@ie@@t	1
ger@@a@@tet	1
ger@@a@@de	1
gen@@u@@g@@sa@@m	1
gen@@u@@g	1
gen@@aus@@o	1
gen@@a@@u	1
geist@@lich@@er	1
geist@@lich@@e	1
geist@@lich	1
geist@@li@@chen	1
geist@@igen	1
geist@@ige	1
geist@@ig	1
gei@@ß@@eln	1
gei@@z	1
gei@@ster@@m@@ä@@chten	1
gei@@ss@@eln	1
gef@@üh@@le	1
gef@@ä@@n@@g@@nis	1
gef@@ä@@n@@g@@ni@@s@@w@@ä@@r@@ter	1
gef@@ä@@n@@g@@ni@@s@@au@@f@@s@@eh@@er	1
gef@@ä@@l@@lt	1
gef@@ä@@l@@lig	1
gef@@reu@@t	1
gef@@en@@g@@nis	1
gef@@el@@lig	1
gef@@an@@gen@@er	1
gef@@an@@gen	1
gef@@an@@ge@@nen	1
gef@@al@@len	1
gef@@al@@le	1
gef@@ah@@r@@en	1
gef@@ah@@r	1
geb@@ühr@@t	1
geb@@un@@den@@er	1
geb@@ro@@chen	1
geb@@re@@chen	1
ge@@wi@@ß@@lich	1
ge@@wi@@ß	1
ge@@wi@@ss	1
ge@@wi@@s@@lich	1
ge@@wi@@r@@kt	1
ge@@wi@@n@@nen	1
ge@@wi@@n@@n@@t	1
ge@@wei@@h@@ten	1
ge@@wei@@h@@t	1
ge@@w@@o@@n@@nen	1
ge@@tre@@w	1
ge@@tre@@u	1
ge@@ta@@n	1
ge@@t@@ö@@tet	1
ge@@t@@reu@@er	1
ge@@t@@reu@@e	1
ge@@t@@ha@@n	1
ge@@stä@@u@@p@@t	1
ge@@stä@@u@@p@@et	1
ge@@st@@or@@ben	1
ge@@st@@eu@@p@@et	1
ge@@sie@@gt	1
ge@@si@@chte	1
ge@@si@@cht	1
ge@@se@@tz@@lo@@s@@igkeit	1
ge@@se@@gn@@et	1
ge@@se@@gen@@et	1
ge@@schw@@un@@den@@en	1
ge@@sch@@lo@@ssen	1
ge@@sch@@la@@gen	1
ge@@sch@@ie@@den@@e	1
ge@@sch@@en@@k	1
ge@@sch@@eh@@e	1
ge@@s@@un@@den	1
ge@@p@@rie@@sen	1
ge@@o@@p@@fer@@t	1
ge@@m@@ei@@n	1
ge@@lä@@h@@m@@te	1
ge@@lo@@b@@t	1
ge@@lieb@@ter	1
ge@@lieb@@ten	1
ge@@lieb@@te	1
ge@@l@@er@@n@@t	1
ge@@hör@@en	1
ge@@heili@@gt	1
ge@@heili@@ge@@t	1
ge@@heili@@g@@te@@s	1
ge@@ha@@ss@@t	1
ge@@h@@ẹ@@n@@n@@a	1
ge@@h@@en@@n@@a	1
ge@@gn@@er	1
ge@@gen	1
ge@@dan@@kt	1
ge@@d@@ä@@cht@@ni@@s@@g@@ru@@ft	1
ge@@d@@ul@@dig	1
ge@@d@@ul@@d	1
ge@@d@@u@@lt	1
g@@ü@@te	1
g@@ü@@t@@igkeit	1
g@@ü@@t@@ig	1
g@@ü@@l@@den@@en	1
g@@ü@@l@@den@@e	1
g@@ü@@l@@den	1
g@@ö@@tzen	1
g@@un@@st	1
g@@ru@@ft	1
g@@rei@@fen	1
g@@ra@@b@@stä@@t@@te	1
g@@ra@@b@@ka@@mm@@er	1
g@@ra@@b@@h@@ö@@h@@le	1
g@@ra@@b@@e	1
g@@ra@@b	1
g@@ol@@den@@es	1
g@@ol@@den@@en	1
g@@ol@@den@@e	1
g@@ol@@de	1
g@@ol@@d@@nen	1
g@@ol@@d@@ne	1
g@@ol@@d	1
g@@lich	1
g@@lei@@cht	1
g@@lei@@chen	1
g@@lei@@ch@@wi@@e	1
g@@lei@@ch	1
g@@l@@an@@z	1
g@@an@@z@@er	1
g@@an@@z@@en	1
g@@an@@z@@e	1
g@@an@@z	1
g@@an@@tz@@e	1
g@@ab@@e	1
g@@a@@st	1
für@@chten	1
für@@chte	1
für@@cht@@en@@d	1
für@@ch@@tet	1
für@@ch@@te@@ten	1
für@@ch@@te@@te	1
freu@@ten	1
freu@@te	1
freu@@t	1
freu@@en	1
freu@@e	1
freu@@dig	1
freu@@den	1
freu@@de	1
freu@@d@@igkeit	1
frei@@sp@@re@@chen	1
frei@@mu@@t	1
frei@@m@@ü@@t@@igkeit	1
frei@@m@@ü@@t@@ig	1
frei@@heit	1
frei@@er	1
frei@@en	1
frei@@e	1
frei@@d@@igkeit	1
fre@@y	1
fre@@v@@l@@er	1
fre@@un@@d@@lich@@keit	1
fre@@un@@d@@lich	1
fre@@un@@d	1
fre@@m@@den	1
fre@@m@@d@@lin@@g	1
fre@@m@@d	1
fre@@i	1
fr@@ü@@h	1
fr@@ö@@mm@@igkeit	1
fr@@ö@@lich	1
fr@@ö@@h@@lich	1
fr@@o	1
fer@@nen	1
fer@@ne	1
fer@@li@@g@@keit	1
fe@@w@@r	1
fe@@w@@er	1
fe@@u@@er@@s	1
fe@@u@@er	1
fe@@st@@z@@un@@eh@@men	1
fe@@st@@e	1
fe@@st	1
f@@ühr@@un@@g@@se@@ben@@e	1
f@@ühr@@er	1
f@@ühr@@en@@den	1
f@@üh@@l@@te	1
f@@ör@@der@@lich	1
f@@äh@@igkeit	1
f@@äh@@ig	1
f@@ur@@chten	1
f@@ur@@cht	1
f@@ru@@cht@@bar@@en	1
f@@ro@@mm@@er	1
f@@ro@@m@@m	1
f@@ro@@m@@er	1
f@@ro@@h@@lo@@cken	1
f@@ro@@h	1
f@@rie@@den@@s	1
f@@rie@@den	1
f@@rie@@de	1
f@@rie@@d@@es	1
f@@ol@@ter@@n	1
f@@lu@@t	1
f@@lu@@ch	1
f@@li@@eh@@t	1
f@@li@@eh@@en	1
f@@lei@@ß@@ig	1
f@@lei@@sch@@lich	1
f@@lei@@sch@@es	1
f@@lei@@s@@ch	1
f@@ie@@l	1
f@@ie@@b@@er	1
f@@i@@nd@@e	1
f@@i@@el@@en	1
f@@el@@si@@ger	1
f@@el@@s@@ige	1
f@@el@@s@@en@@g@@ru@@ft	1
f@@ein@@d	1
f@@ei@@nd@@sch@@a@@ft	1
f@@ei@@nd@@sch@@a@@ff@@t	1
f@@ei@@er@@n	1
f@@eh@@le	1
f@@eh@@l@@er	1
f@@au@@l@@er	1
f@@al@@s@@ch	1
f@@al@@len	1
f@@al@@le	1
f@@al@@l	1
f@@a@@ß@@te	1
er@@z@@ür@@n@@te	1
er@@z@@f@@ein@@d	1
er@@war@@te	1
er@@war@@t@@ung	1
er@@war@@t@@un@@g@@s@@gu@@t	1
er@@st@@or@@ben@@en	1
er@@st@@or@@ben@@e	1
er@@sch@@ü@@tt@@er@@t	1
er@@sch@@ra@@ken	1
er@@sch@@ra@@k	1
er@@sch@@ra@@cken	1
er@@s@@o@@ff@@en	1
er@@s@@au@@fen	1
er@@re@@tt@@ung	1
er@@r@@in@@gt	1
er@@ni@@d@@er	1
er@@mu@@t@@igen	1
er@@mu@@t@@ig@@ung	1
er@@m@@or@@den	1
er@@m@@an@@e	1
er@@m@@ah@@ne	1
er@@lei@@den	1
er@@la@@ssen	1
er@@la@@ss@@ung	1
er@@ger@@n	1
er@@ger	1
er@@g@@rei@@fen	1
er@@f@@u@@h@@r@@en	1
er@@f@@a@@ssen	1
er@@d@@ul@@den	1
er@@d@@ul@@de	1
er@@d@@rei@@ch	1
er@@d@@be@@ben	1
er@@bar@@men	1
er@@bar@@me	1
er@@bar@@m@@t	1
er@@bar@@m	1
er@@a@@b	1
ent@@sp@@an@@nen	1
ent@@sp@@an@@n@@t	1
ent@@sch@@la@@h@@e	1
ent@@la@@ssen	1
ent@@fer@@nung	1
en@@tz@@w@@eit	1
en@@tr@@ü@@st@@et	1
en@@ge@@l@@s	1
en@@ge@@l	1
el@@en@@d	1
el@@e@@m@@en@@ten	1
ein@@tre@@ten	1
ein@@t@@ra@@cht	1
ein@@si@@cht	1
ein@@b@@re@@chen	1
ein@@b@@il@@den	1
ei@@te@@l	1
ei@@l@@en@@d@@s	1
ei@@g@@l	1
ei@@fr@@ig	1
ei@@fer@@sü@@cht@@ig	1
ei@@fer@@s@@u@@cht	1
ei@@f@@er	1
ehr@@t	1
ehr@@f@@ur@@cht	1
ehr@@en@@tr@@i@@b@@ü@@ne	1
ehr@@en@@p@@la@@t@@z	1
ehr@@en	1
ehr@@e	1
eh@@re@@t	1
eh@@e@@b@@ru@@ch	1
eh@@e@@b@@re@@ch@@er@@i@@n	1
eh@@e	1
e@@x@@i@@l	1
e@@wi@@ge@@s	1
e@@wi@@ge@@m	1
e@@wi@@g	1
e@@w@@igkeit	1
e@@w@@igen	1
e@@w@@ige	1
e@@w@@ig@@lich	1
e@@ss@@ig	1
e@@mp@@f@@an@@d	1
e@@d@@len	1
e@@d@@le	1
e@@d@@el@@st@@ei@@nen	1
e@@ben@@s@@o	1
di@@stan@@z	1
di@@r@@ne	1
di@@cken	1
den@@ken	1
den@@a@@r	1
dank@@te	1
dank@@sa@@g@@ung	1
dank@@sa@@g@@te	1
dank@@ge@@be@@te	1
dank@@ge@@be@@t	1
dank@@e@@te	1
dank@@e	1
dank@@b@@a@@r	1
dan@@kt	1
dan@@ken	1
dan@@k	1
dan@@c@@k@@sa@@g@@ung	1
dan@@c@@k@@et	1
dan@@c@@k@@e	1
da@@chten	1
d@@ür@@sten	1
d@@ür@@st@@et	1
d@@ä@@m@@o@@ni@@s@@ch	1
d@@ä@@m@@o@@n	1
d@@ur@@st@@ig	1
d@@ur@@st	1
d@@ur@@ch@@ma@@chen	1
d@@ur@@ch@@ge@@k@@n@@al@@lt	1
d@@ur@@ch@@g@@ra@@ben	1
d@@um@@m	1
d@@rei@@ma@@l	1
d@@re@@c@@k@@ig	1
d@@r@@an@@g@@sa@@l	1
d@@r@@an@@g@@s@@al@@s@@z@@eit	1
d@@ie@@b@@e	1
d@@ie@@b	1
d@@ar@@geb@@ra@@cht	1
ch@@e@@f	1
br@@en@@nen	1
br@@en@@n@@n@@e@@ss@@eln	1
br@@eit	1
br@@an@@d	1
ber@@ühr@@te	1
ber@@ühr@@t	1
ber@@ie@@ten	1
ber@@au@@sch@@t	1
ber@@au@@ben	1
be@@w@@äh@@r@@t	1
be@@w@@e@@gt	1
be@@tr@@ü@@b@@t	1
be@@tr@@ü@@b@@nis	1
be@@tr@@un@@ken	1
be@@tr@@u@@g	1
be@@tr@@in@@kt	1
be@@te@@te	1
be@@stra@@fen	1
be@@stra@@f@@ung	1
be@@sten	1
be@@ss@@er@@en	1
be@@ss@@er@@e	1
be@@ss@@er	1
be@@sie@@gt	1
be@@se@@ssen	1
be@@se@@ss@@en@@e	1
be@@schä@@men	1
be@@schä@@m@@t	1
be@@schä@@d@@igen	1
be@@schw@@er@@t	1
be@@schw@@er@@lich	1
be@@sch@@i@@mp@@ft	1
be@@sch@@i@@mp@@f@@ungen	1
be@@sch@@en@@kt	1
be@@s@@or@@gt	1
be@@s@@o@@nd@@er@@e	1
be@@s@@o@@n@@nen	1
be@@s@@ei@@t@@igen	1
be@@lo@@h@@nung	1
be@@lo@@h@@nen	1
be@@lei@@d@@igen	1
be@@k@@en@@nen	1
be@@k@@ehr@@ten	1
be@@herr@@sch@@t	1
be@@h@@ar@@r@@lich@@keit	1
be@@h@@an@@d@@eln	1
be@@gr@@ü@@ß@@ungen	1
be@@gr@@ü@@ss@@ungen	1
be@@gr@@i@@ff@@en	1
be@@gn@@a@@d@@ig@@t	1
be@@g@@rei@@ft	1
be@@g@@rei@@fen	1
be@@g@@an@@gen	1
be@@g@@ab@@ung	1
be@@frei@@ung	1
be@@frei@@en	1
be@@fr@@eit	1
be@@fe@@st@@igen	1
be@@f@@ie@@l	1
be@@den@@ken	1
be@@d@@r@@ä@@n@@g@@nis	1
be@@ben	1
be@@b@@te	1
bar@@m@@her@@z@@igkeit	1
bar@@m@@her@@z@@ig	1
bar@@m@@her@@tz@@igkeit	1
b@@ö@@sen	1
b@@ö@@se@@s	1
b@@ur@@g	1
b@@un@@de	1
b@@un@@d@@es	1
b@@un@@d	1
b@@u@@ß@@e	1
b@@u@@ss@@e	1
b@@u@@h@@l@@er@@i@@n	1
b@@u@@h@@l@@er@@e@@i	1
b@@ru@@t	1
b@@ru@@st	1
b@@ru@@der@@lieb@@e	1
b@@re@@chen	1
b@@ra@@v@@er	1
b@@ra@@ch	1
b@@o@@ten	1
b@@o@@te	1
b@@o@@s@@heit	1
b@@o@@den	1
b@@lo@@ß	1
b@@lin@@den	1
b@@lin@@d	1
b@@li@@nd@@er	1
b@@li@@nd@@e	1
b@@in@@den	1
b@@i@@tt@@er@@keit	1
b@@i@@tt@@er@@en	1
b@@ei@@d@@es	1
b@@au@@en	1
b@@an@@n	1
b@@ab@@y@@lo@@ni@@sch@@en	1
aus@@zu@@se@@tzen	1
aus@@zu@@ro@@t@@ten	1
aus@@zu@@p@@ei@@t@@sch@@en	1
aus@@zu@@lie@@fer@@n	1
aus@@schw@@ei@@f@@ungen	1
aus@@schw@@ei@@f@@ung	1
aus@@p@@ei@@t@@sch@@en	1
aus@@lie@@fer@@n	1
aus@@h@@ar@@r@@en	1
aus@@geb@@ro@@chen	1
aus@@ge@@s@@o@@nd@@er@@t	1
aus@@d@@au@@er	1
au@@ss@@a@@t@@z	1
au@@ss@@a@@h	1
au@@fr@@i@@cht@@igkeit	1
au@@ff@@n@@e@@men	1
au@@ff@@er@@stan@@den	1
au@@fer@@stan@@den	1
au@@fer@@st@@eh@@en	1
au@@f@@ru@@h@@r	1
au@@f@@n@@eh@@men	1
au@@f@@n@@ah@@me	1
au@@f@@m@@un@@ter@@ung	1
au@@f@@hör@@t	1
au@@f@@hör@@en	1
ar@@t	1
ar@@mu@@t	1
ar@@men	1
ar@@me	1
ar@@m	1
ar@@g@@li@@st	1
ar@@b@@eit	1
ar@@b@@ei@@tet	1
an@@st@@o@@ß	1
an@@st@@o@@ss	1
an@@st@@el@@len	1
an@@n@@eh@@men	1
an@@n@@e@@men	1
an@@kla@@gen	1
an@@kla@@ge	1
an@@ger@@ühr@@t	1
an@@ger@@üh@@re@@t	1
an@@ger@@ü@@re@@t	1
an@@gef@@a@@ß@@t	1
an@@ge@@st@@el@@l@@ter	1
an@@ge@@hör@@igen	1
an@@g@@st	1
an@@fe@@cht@@ung	1
al@@ter	1
al@@ten	1
al@@te	1
al@@t	1
al@@m@@o@@sen	1
al@@l@@ta@@g@@s	1
al@@l@@er@@le@@i	1
ab@@stan@@d	1
ab@@s@@ah@@nen	1
ab@@rei@@ß@@en	1
ab@@läster@@n	1
ab@@gr@@un@@d	1
ab@@geb@@ro@@chen	1
ab@@ge@@st@@or@@ben@@en	1
ab@@ge@@sch@@ni@@t@@ten	1
a@@st@@ro@@lo@@gen	1
a@@chten	1
a@@cht@@ung	1
a@@b	1
