a	69
o	60
a@@	57
c@@	47
os	40
t@@	38
d@@	38
en@@	37
m@@	36
i@@	36
u@@	35
r@@	32
o@@	31
er@@	31
am@@	31
s@@	30
p@@	30
e@@	30
di@@	30
b@@	30
in@@	28
e	28
or@@	27
g@@	27
l@@	26
an@@	26
v@@	25
h@@	25
f@@	25
ar@@	25
do	23
ci@@	23
as	23
ri@@	21
re@@	21
n@@	21
es@@	21
al@@	21
ad@@	21
ent@@	20
ca@@	20
ti@@	19
gr@@	18
ar	18
es	17
end@@	17
ado	17
vi@@	16
si@@	16
on@@	16
con@@	16
an	15
za	14
ur@@	14
tr@@	14
fi@@	14
en	14
em@@	14
des@@	14
dad	14
ó	13
í@@	13
pe@@	13
or	13
mi@@	13
li@@	13
ec@@	13
ción	13
é@@	12
per@@	12
st@@	11
bi@@	11
ación	11
z@@	10
ver@@	10
ul@@	10
to	10
pr@@	10
pi@@	10
oso	10
os@@	10
l	10
ble	10
ía	9
ter@@	9
sa@@	9
r	9
pro@@	9
ir@@	9
comp@@	9
se@@	8
pre@@	8
j@@	8
ej@@	8
eg@@	8
eci@@	8
cu@@	8
cel@@	8
bl@@	8
as@@	8
ant@@	8
al	8
ac@@	8
án	7
á@@	7
y@@	7
tu@@	7
ta	7
su@@	7
san@@	7
reg@@	7
pos@@	7
perdon@@	7
osa	7
mal@@	7
io	7
imp@@	7
glori@@	7
enti@@	7
ente	7
endi@@	7
da	7
cia	7
bu@@	7
ará	7
ados	7
ño	6
tem@@	6
sti@@	6
sión	6
res	6
par@@	6
ort@@	6
ol@@	6
mp@@	6
me	6
ju@@	6
inm@@	6
gn@@	6
ex@@	6
er	6
ento	6
eli@@	6
el@@	6
da@@	6
co@@	6
arse	6
arre@@	6
aron	6
ante	6
ada	6
ñ@@	5
verg@@	5
val@@	5
traicion@@	5
te	5
sant@@	5
sal@@	5
reci@@	5
que@@	5
po@@	5
pec@@	5
paci@@	5
osos	5
osamente	5
on	5
og@@	5
ni@@	5
n	5
muer@@	5
jo	5
is	5
id@@	5
go	5
fic@@	5
ero	5
eri@@	5
encia	5
edad	5
de@@	5
d	5
co	5
bre	5
bles	5
baj@@	5
arlo	5
ancia	5
ale@@	5
aj@@	5
ú@@	4
ó@@	4
z	4
viv@@	4
ven@@	4
uer@@	4
ta@@	4
sufri@@	4
so	4
sen@@	4
ru@@	4
res@@	4
pri@@	4
oc@@	4
ob@@	4
mat@@	4
maravill@@	4
man@@	4
lu@@	4
lo	4
llor@@	4
la@@	4
just@@	4
jac@@	4
inc@@	4
ign@@	4
gu@@	4
fuer@@	4
for@@	4
entes	4
aci@@	4
ü@@	3
ón	3
se	3
s	3
q@@	3
perd@@	3
br@@	3
amente	3
í	2
á	2
x@@	2
tra@@	2
ll@@	2
é	1
y	1
ue@@	1
suf@@	1
ma@@	1
glor@@	1
avi@@	1
