ží@@ze@@ň	1
ží@@z@@ní	1
ží@@z@@ni@@t	1
žá@@r@@livo@@stí	1
žá@@r@@livo@@sti	1
žá@@r@@livo@@st	1
žá@@do@@sti	1
ži@@vé	1
ži@@vo@@u	1
ži@@vo@@t@@u	1
ži@@v@@ých	1
ži@@v@@ému	1
ži@@v@@ého	1
ži@@v	1
ž@@a@@lá@@ře	1
ž@@a@@lá@@ř@@ní@@k	1
ž@@a@@lá@@ř@@i	1
šel@@mu	1
šel@@mo@@u	1
šel@@m@@ě	1
šel@@m@@y	1
šel@@m@@a	1
š@@pa@@t@@ný	1
š@@pa@@t@@né	1
š@@pa@@t@@nosti	1
š@@k@@od@@a	1
š@@a@@te@@ch	1
ří@@k@@á@@m	1
ďá@@be@@l@@ství	1
ďá@@be@@l	1
ďá@@b@@le@@m	1
ďá@@b@@la	1
ďá@@b@@l@@u	1
čist@@ý	1
čist@@ého	1
čist@@é	1
čist@@ot@@ě	1
či@@ni@@t	1
č@@e@@st	1
ú@@z@@ko@@st@@li@@ví	1
ú@@ra@@z@@u	1
ú@@le@@ku	1
ú@@ho@@ny	1
zá@@vi@@stí	1
zá@@vi@@sti	1
zá@@vi@@st	1
zá@@r@@mu@@tk@@u	1
zá@@r@@mu@@te@@k	1
zá@@pa@@l@@y	1
zá@@pa@@l@@né	1
zá@@mu@@te@@k	1
zá@@hu@@b@@ě	1
zá@@hu@@b@@y	1
zá@@ch@@ra@@ně	1
zá@@ch@@ra@@ny	1
zá@@ch@@ra@@n@@u	1
zlo@@ře@@č@@en@@ství	1
zlo@@či@@ne@@c	1
zlo@@či@@n	1
zlo@@dě@@j@@i	1
zlo@@dě@@j	1
zlo@@bu	1
zlo@@b@@y	1
zlo@@b@@a	1
zlat@@ý	1
zlat@@é	1
zlat@@o@@u	1
zlat@@o	1
zlat@@a	1
zla@@č@@ně@@l	1
zla@@te@@m	1
zem@@ří@@t	1
zem@@ře@@te	1
zem@@ě@@t@@ře@@s@@ení	1
ze@@sm@@u@@t@@ně@@l	1
zd@@á@@l@@ky	1
zd@@ra@@vé	1
zbož@@ně	1
zbož@@né	1
zbož@@nosti	1
zbož@@nost	1
zbož@@no@@u	1
zbo@@ři@@t	1
zas@@lí@@b@@ení	1
za@@z@@p@@í@@v@@á	1
za@@tra@@t@@i@@ti	1
za@@tk@@no@@u@@t	1
za@@tk@@li	1
za@@rado@@va@@li	1
za@@r@@mo@@u@@cen@@i	1
za@@po@@m@@ně@@li	1
za@@p@@ud@@i@@t	1
za@@mo@@r@@do@@va@@ti	1
za@@lí@@b@@il@@o	1
za@@lí@@b@@ení	1
za@@ko@@k@@r@@h@@á	1
za@@j@@e@@tí	1
za@@hu@@bi@@t	1
za@@hu@@b@@il@@i	1
za@@ha@@n@@bil	1
za@@h@@y@@nu@@tí	1
za@@bil	1
za@@bi@@jí	1
za@@bi@@j@@e	1
za@@b@@í@@ti	1
za@@b@@í@@t	1
z@@ře@@k@@n@@e	1
z@@ví@@ře@@te	1
z@@ví@@ře	1
z@@ví@@tě@@zí	1
z@@v@@rá@@cen@@o@@st@@em	1
z@@u@@ři@@vo@@st	1
z@@tra@@tí	1
z@@tra@@t@@í@@ť	1
z@@tra@@t@@il@@a	1
z@@tra@@cen@@o@@u	1
z@@tr@@á@@t@@u	1
z@@rá@@d@@ce	1
z@@ra@@di@@ti	1
z@@ra@@di@@t	1
z@@ra@@d@@í	1
z@@ra@@d@@il	1
z@@po@@v@@zd@@á@@l@@í	1
z@@ná@@ti	1
z@@ni@@či@@t	1
z@@ni@@č@@í	1
z@@ni@@č@@ení	1
z@@ne@@či@@š@@ť@@uj@@e	1
z@@na@@men@@i@@tě@@j@@ší	1
z@@na@@men@@i@@t@@ý	1
z@@na@@men@@i@@t@@é	1
z@@mrtv@@ý@@ch@@v@@st@@ání	1
z@@mo@@c@@ni@@t	1
z@@ma@@te@@k	1
z@@m@@r@@za@@č@@en@@é	1
z@@la	1
z@@l@@ého	1
z@@l@@e	1
z@@ko@@uš@@k@@á@@ch	1
z@@k@@á@@z@@y	1
z@@i@@m@@ni@@ci	1
z@@da@@r@@m@@a	1
z@@da@@le@@ka	1
věč@@ně	1
věč@@ný	1
věč@@ného	1
věč@@né	1
věč@@nost	1
věč@@no@@u	1
věč@@n@@ému	1
věč@@n@@é@@m	1
věč@@n@@á	1
věr@@ně	1
věr@@ný	1
věr@@ného	1
věr@@n@@ým	1
vě@@ří@@te	1
vě@@ze@@ň	1
vě@@z@@ně	1
vě@@z@@ení	1
vě@@ro@@hod@@né	1
vě@@ky	1
ví@@ře	1
ví@@tě@@zí	1
ví@@tě@@z@@ství	1
ví@@ro@@u	1
ví@@r@@y	1
ví@@r@@u	1
ví@@r@@a	1
vál@@ku	1
vz@@po@@u@@r@@u	1
vz@@k@@ří@@šení	1
vz@@da@@l	1
vy@@trpě@@t	1
vy@@tr@@žení	1
vy@@tr@@va@@lo@@sti	1
vy@@tr@@va@@lo@@st	1
vy@@tk@@no@@u@@t	1
vy@@s@@lo@@v@@il	1
vy@@lo@@men@@y	1
vy@@hla@@do@@vě@@l	1
vy@@dě@@s@@il@@i	1
vy@@da@@l	1
vy@@d@@á@@v@@á	1
vy@@d@@á	1
vy@@ch@@á@@zí	1
vi@@dě@@ní	1
velik@@ým	1
velik@@ý	1
velik@@ého	1
velik@@é	1
velik@@á	1
veli@@ko@@u	1
vel@@ko@@u	1
vel@@ko@@r@@y@@s@@ý	1
vel@@k@@ý	1
vel@@k@@ého	1
vel@@k@@é	1
vel@@k@@á	1
ve@@se@@li@@t	1
ve@@le@@k@@ně@@ží@@m	1
ve@@le@@k@@ně@@ž@@í	1
v@@ý@@z@@na@@m	1
v@@zá@@c@@ný	1
v@@sta@@l	1
v@@ra@@h	1
v@@r@@ch@@ní@@ch	1
v@@r@@ch@@ní	1
v@@dě@@č@@ný	1
v@@do@@v@@a	1
um@@ří@@ti	1
um@@í@@rá@@m@@e	1
u@@či@@n@@il	1
u@@zd@@ra@@vi@@t	1
u@@trp@@ení	1
u@@trp@@en@@ích	1
u@@trp@@en@@í@@m	1
u@@te@@č@@te	1
u@@t@@é@@ci	1
u@@sta@@no@@v@@ení	1
u@@sm@@rt@@il@@i	1
u@@sm@@i@@ř@@uj@@í@@c@@í	1
u@@s@@ch@@lo@@u	1
u@@rá@@ž@@ky	1
u@@pří@@m@@nosti	1
u@@dě@@la@@l	1
u@@c@@t@@i@@v@@ě	1
u@@bo@@zí	1
tě@@ž@@k@@o	1
trpě@@ti	1
trpě@@t	1
trpě@@livo@@stí	1
trpě@@livo@@sti	1
trpě@@livo@@st	1
trpě@@liv@@ě	1
tr@@á@@p@@ení	1
t@@ře@@s@@ení	1
t@@ý@@ra@@t	1
t@@ou@@h@@a	1
t@@a@@ko@@v@@ých	1
svobod@@u	1
svobod@@ný	1
svobod@@ní	1
svobod@@n@@i	1
svobod@@a	1
svat@@ých	1
svat@@ý@@m@@i	1
svat@@ý	1
svat@@í	1
svat@@é	1
svat@@á	1
svat@@o@@sti	1
star@@ých	1
star@@ý	1
star@@ého	1
star@@é	1
sta@@ro@@sti	1
sta@@ro@@st	1
sta@@l@@y	1
st@@y@@dě@@t	1
st@@y@@dě@@l	1
st@@ra@@ch@@u	1
st@@ra@@ch@@em	1
st@@ra@@ch	1
st@@e@@j@@ně	1
spraved@@liv@@ých	1
spraved@@liv@@ý	1
spraved@@liv@@ého	1
spraved@@li@@ví	1
spraved@@li@@vé	1
sprave@@dl@@nosti	1
sprave@@dl@@nost	1
sp@@í@@la@@li	1
sp@@á@@s@@y	1
sp@@á@@s@@u	1
sp@@á@@s@@a	1
sp@@á@@le@@n	1
sm@@ě@@lo@@u	1
sm@@ě@@l@@e	1
sm@@y@@s@@l	1
sm@@rt@@í	1
sm@@r@@ti	1
sm@@r@@t	1
sm@@lou@@v@@y	1
sm@@lou@@v@@u	1
sm@@lou@@v@@a	1
sm@@il@@u@@j	1
sm@@il@@ství	1
sm@@il@@st@@v@@o	1
sm@@il@@st@@v@@a	1
slá@@vo@@u	1
slá@@v@@ě	1
slá@@v@@y	1
slá@@v@@u	1
slá@@v@@a	1
slep@@ým	1
slep@@ých	1
slep@@ý	1
slep@@í	1
slep@@ého	1
slep@@é	1
slep@@ci	1
slep@@ce	1
sla@@bo@@sti	1
sla@@b@@ý	1
sla@@b@@í	1
sla@@b@@é	1
ska@@l@@na@@t@@é	1
ska@@l@@na@@t@@á	1
se@@stoup@@í	1
se@@stoup@@il	1
se@@st@@u@@po@@va@@t	1
se@@st@@u@@p@@uj@@e	1
s@@ví@@t@@ání	1
s@@vá@@te@@k	1
s@@vá@@t@@c@@ích	1
s@@vá@@r	1
s@@ve@@do@@u	1
s@@stoup@@í	1
s@@stoup@@il	1
s@@stoup@@i@@v	1
s@@po@@či@@nu@@li	1
s@@po@@le@@h@@liv@@ý	1
s@@po@@le@@h@@li@@vé	1
s@@pa@@s@@ení	1
s@@pa@@dl@@a	1
s@@ou@@žení	1
s@@ou@@c@@i@@te@@m	1
s@@lu@@že@@b@@ní@@ka	1
s@@lu@@že@@b@@ní@@k	1
s@@lu@@že@@b@@ni@@ce	1
s@@lu@@ž@@ky	1
s@@li@@t@@u@@j	1
s@@li@@t@@o@@vá@@ní	1
s@@li@@bu	1
s@@li@@b	1
s@@l@@y@@š	1
s@@il@@ný	1
s@@il@@ní	1
s@@cho@@pe@@n	1
s@@cho@@p@@nost	1
s@@ch@@vál@@ení	1
s@@ch@@vá@@li@@l	1
s@@c@@e@@stí	1
rá@@ny	1
rá@@d@@i	1
rá@@d	1
roz@@zlo@@bil	1
roz@@r@@u@@ch	1
roz@@p@@la@@ka@@l	1
roz@@lu@@ko@@v@@ý	1
roz@@lo@@mi@@t	1
roz@@lo@@m@@il	1
roz@@ho@@ř@@č@@il@@i	1
roz@@h@@ně@@va@@l	1
roz@@b@@ro@@j	1
ro@@u@@ha@@jí	1
ro@@u@@h@@ání	1
rado@@va@@t	1
rado@@stí	1
rado@@sti	1
rado@@st@@ně	1
rado@@st	1
r@@y@@ch@@l@@e	1
r@@e@@s@@pe@@k@@t	1
pří@@tě@@ž@@í	1
pří@@te@@l	1
před@@ní@@m	1
před@@ní@@ch	1
před@@ní	1
před@@lo@@žení	1
před@@em	1
pře@@p@@y@@ch@@u	1
pro@@vi@@ně@@ní@@m	1
pro@@ti	1
pro@@sp@@ě@@š@@né	1
pro@@pa@@sti	1
pro@@ná@@sle@@do@@vá@@ní	1
pro@@ná@@sle@@d@@uj@@í	1
pro@@k@@lí@@na@@jí	1
pro@@h@@ře@@šení	1
pro@@h@@ře@@š@@ky	1
prav@@do@@u	1
prav@@d@@ě	1
prav@@d@@y	1
prav@@d@@u	1
prav@@d@@a	1
pra@@ví@@m	1
pra@@vi@@ci	1
pos@@vě@@cen@@i	1
pos@@vě@@c@@ení	1
pos@@vá@@t@@né	1
pos@@lou@@ch@@á	1
pos@@e@@l	1
pos@@e@@dl@@ý	1
pok@@ání	1
pok@@uš@@ení	1
pok@@ro@@č@@il@@ého	1
pok@@ro@@č@@il@@é@@m	1
pok@@r@@y@@te@@c@@t@@ví	1
pok@@r@@y@@t@@ství	1
pok@@lá@@d@@á@@m	1
pok@@la@@d	1
po@@že@@h@@ná@@ní	1
po@@že@@h@@na@@l	1
po@@š@@e@@t@@il@@é	1
po@@č@@t@@en@@o	1
po@@zd@@vi@@žení	1
po@@z@@o@@r	1
po@@vz@@b@@ud@@il	1
po@@vz@@b@@u@@z@@ení	1
po@@tě@@šení	1
po@@tr@@e@@sta@@t	1
po@@sle@@d@@ní	1
po@@p@@ud@@il@@o	1
po@@mo@@z	1
po@@mo@@ci	1
po@@mo@@c	1
po@@lí@@bil	1
po@@ko@@j@@i	1
po@@ko@@j@@em	1
po@@ko@@j@@e	1
po@@ko@@j	1
po@@ho@@r@@šení	1
po@@h@@ře@@bu	1
po@@h@@ř@@bu	1
po@@h@@r@@da@@jí	1
po@@h@@nu@@t	1
po@@dě@@ko@@va@@l	1
po@@dob@@á	1
po@@dob@@ný	1
po@@dob@@né	1
po@@dob@@e@@n	1
po@@d@@s@@vě@@tí	1
peč@@ova@@li	1
peč@@o@@vá@@ní	1
peč@@liv@@ě	1
peč@@li@@ví	1
pe@@v@@nosti	1
pe@@v@@n@@á	1
pe@@k@@la	1
pe@@k@@el@@ného	1
pa@@m@@ě@@t@@ní	1
pa@@dl@@o	1
pa@@dl@@a	1
pa@@d@@á	1
pa@@d@@n@@a	1
pa@@d@@li	1
pa@@d@@l	1
p@@ů@@d@@y	1
p@@ů@@d@@u	1
p@@ři@@roz@@en@@é	1
p@@ři@@prav@@il@@o	1
p@@u@@st@@ý	1
p@@rá@@zd@@ného	1
p@@rá@@v@@ě	1
p@@rá@@v@@o	1
p@@lá@@č	1
p@@li@@va@@li	1
p@@le@@ve@@l	1
p@@le@@v@@y	1
p@@la@@ka@@ti	1
p@@la@@ka@@t	1
p@@la@@ka@@li	1
ot@@ro@@ka	1
ot@@ro@@k@@y@@ně	1
ot@@ro@@k@@em	1
ot@@ro@@k	1
oh@@ně@@m	1
oh@@ně	1
oh@@ni@@vé	1
oh@@n@@i	1
oh@@le@@d	1
oh@@e@@ň	1
odpo@@či@@nu@@tí	1
odpo@@či@@n@@ku	1
odpo@@uště@@ti	1
odpo@@uště@@t	1
odpo@@uště@@j@@te	1
odp@@uště@@ní	1
odp@@uště@@ny	1
odp@@uště@@n@@o	1
odp@@u@@stí	1
odp@@u@@st@@il	1
odp@@u@@s@@ť	1
odp@@la@@t@@u	1
odp@@la@@t@@a	1
od@@um@@ře@@lo@@u	1
od@@s@@u@@z@@ova@@t	1
od@@s@@ou@@z@@ení	1
od@@s@@o@@ud@@í	1
od@@m@@ě@@n@@u	1
od@@m@@ě@@n@@a	1
od@@lo@@ž@@te	1
od@@da@@nost	1
ob@@ě@@ť	1
ob@@ě@@t@@ova@@l	1
ob@@ě@@t	1
ob@@t@@í@@ž@@né	1
ob@@t@@í@@ž	1
ob@@la@@ku	1
ob@@la@@k@@em	1
ob@@la@@k	1
o@@čist@@il	1
o@@čist@@i@@t	1
o@@z@@v@@e	1
o@@st@@ře	1
o@@sla@@ve@@n	1
o@@sla@@v@@il	1
o@@po@@n@@a	1
o@@po@@d@@á@@l	1
o@@p@@u@@st@@il@@a	1
o@@p@@il@@ství	1
o@@ch@@r@@nu@@t@@o@@u	1
o@@ch@@ot@@ně	1
ná@@ře@@k	1
ná@@k@@lo@@n@@nost	1
ni@@či@@l	1
ni@@c	1
ne@@š@@le@@ch@@e@@t@@nosti	1
ne@@čist@@ého	1
ne@@čist@@ot@@y	1
ne@@zá@@ko@@n@@nosti	1
ne@@zem@@ře	1
ne@@zaslou@@ží@@m	1
ne@@zaslou@@ž@@en@@é	1
ne@@zaslou@@ž@@en@@á	1
ne@@zaslou@@ž@@en@@o@@u	1
ne@@za@@k@@u@@s@@í	1
ne@@věr@@u	1
ne@@vě@@ře	1
ne@@vě@@st@@ka	1
ne@@vě@@dě@@li	1
ne@@vě@@do@@mo@@sti	1
ne@@ví@@ře	1
ne@@vi@@n@@ného	1
ne@@um@@í@@r@@á	1
ne@@tra@@p@@te	1
ne@@star@@e@@j@@te	1
ne@@spraved@@liv@@ý	1
ne@@s@@ve@@d@@l	1
ne@@s@@na@@d@@ně	1
ne@@s@@na@@d@@n@@o	1
ne@@roz@@um@@ě@@li	1
ne@@roz@@um@@ný	1
ne@@roz@@um@@ní	1
ne@@roz@@um@@n@@á	1
ne@@pří@@te@@l@@e	1
ne@@pří@@te@@l	1
ne@@pra@@vo@@stí	1
ne@@pra@@vo@@sti	1
ne@@pos@@lu@@š@@ní	1
ne@@pos@@lu@@š@@nost	1
ne@@po@@d@@da@@ní	1
ne@@pa@@tr@@n@@ých	1
ne@@p@@ři@@ja@@li	1
ne@@p@@ř@@á@@te@@l@@ství	1
ne@@od@@vá@@ž@@í	1
ne@@o@@k@@u@@s@@í	1
ne@@ná@@vi@@dě@@ti	1
ne@@ná@@vi@@dě@@t	1
ne@@na@@l@@é@@zá@@m	1
ne@@moud@@ř@@í	1
ne@@mo@@ž@@né	1
ne@@m@@ra@@v@@nosti	1
ne@@l@@ž@@i	1
ne@@j@@men@@ší	1
ne@@j@@men@@š@@ích	1
ne@@j@@men@@š@@í@@mu	1
ne@@j@@men@@š@@í@@ho	1
ne@@do@@sta@@tk@@u	1
ne@@d@@u@@h	1
ne@@ch@@á@@pe@@te	1
ne@@c@@ud@@nost	1
ne@@bo@@j@@te	1
ne@@bo@@j	1
ne@@bez@@peč@@ích	1
ne@@bez@@peč@@í	1
ne@@bez@@peč@@en@@ství	1
na@@ří@@ka@@t	1
na@@vě@@ky	1
na@@v@@ž@@d@@y@@c@@ky	1
na@@v@@ž@@d@@y	1
na@@s@@lou@@ch@@á	1
na@@pře@@d	1
na@@m@@á@@ha@@vé	1
na@@dě@@jí	1
na@@dě@@j@@i	1
na@@dě@@j@@e	1
na@@da@@r@@m@@o	1
na@@ch@@y@@t@@a@@t	1
mu@@k	1
mrtv@@ých	1
mrtv@@ý@@m@@i	1
mrtv@@ý	1
mrtv@@á	1
mrtv@@i	1
mrt@@ví	1
mrt@@vé	1
moud@@ře	1
moud@@ro@@stí	1
moud@@ro@@sti	1
moud@@ro@@st	1
moud@@r@@ých	1
moud@@r@@ý	1
moud@@r@@ému	1
moud@@r@@é	1
mo@@ž@@né	1
mo@@c@@e@@n	1
miluj@@í	1
miluj@@te	1
miluj@@i	1
miluj@@e@@š	1
miluj@@e@@te	1
miluj@@e@@m@@e	1
milova@@ti	1
milova@@t	1
milova@@ný	1
milova@@ného	1
milova@@li	1
milo@@vá@@ní	1
milo@@stí	1
milo@@sti	1
milo@@st	1
milo@@s@@r@@d@@ný	1
milo@@s@@r@@d@@en@@ství	1
mil@@ý	1
mil@@í	1
mil@@ého	1
ma@@sti	1
ma@@r@@né	1
ma@@lo@@mo@@cen@@ství	1
ma@@lo@@mo@@c@@ný	1
ma@@l@@í	1
m@@ý@@lí@@te	1
m@@í@@st@@e@@ch	1
m@@í@@r	1
m@@ra@@v@@ní	1
m@@r@@te@@v	1
m@@lá@@d@@í	1
m@@lá@@d@@en@@ci	1
m@@lá@@d@@en@@ce	1
m@@la@@d@@í@@ka	1
m@@la@@d@@ého	1
m@@dl@@ým	1
m@@dl@@í	1
lí@@t@@o@@stí	1
lí@@bi@@ti	1
lás@@ky	1
lás@@ku	1
lás@@ko@@u	1
lás@@ka	1
lás@@ce	1
lá@@ma@@l	1
lu@@p@@i@@č@@i	1
le@@ží@@c@@í	1
le@@p@@ší	1
la@@ska@@ví	1
la@@ska@@vo@@sti	1
la@@ska@@vo@@st	1
la@@ko@@m@@ství	1
l@@é@@p@@e	1
l@@v@@ů@@m	1
l@@h@@á@@ř	1
l@@en@@o@@ch@@u	1
ko@@u@@ko@@l	1
ka@@men@@ova@@li	1
ka@@di@@dl@@o	1
ka@@di@@dl@@a	1
k@@ří@@š@@en@@i	1
k@@u@@l@@ha@@ví	1
k@@rá@@st	1
k@@ně@@ží@@m	1
k@@lo@@p@@ý@@t@@ání	1
k@@le@@s@@la	1
ja@@ko@@ž	1
ja@@ko@@b@@y	1
ja@@k@@o	1
ja@@k	1
j@@e@@h@@l@@y	1
j@@e@@d@@ná@@ní	1
hří@@š@@ný	1
hří@@š@@ní@@ka	1
hří@@š@@ní@@k@@em	1
hří@@š@@ní@@k	1
hří@@cho@@vé	1
hří@@ch@@u	1
hří@@ch@@em	1
hří@@ch@@a	1
hří@@ch	1
hu@@bil	1
hod@@ného	1
hod@@n@@i	1
hod@@i@@ně	1
hod@@e@@n	1
ho@@st@@i@@n@@u	1
ho@@r@@ší	1
ho@@r@@liv@@ě	1
ho@@r@@e@@č@@ko@@u	1
ho@@lu@@bi@@ce	1
hla@@do@@vé	1
hla@@do@@mo@@r	1
hla@@d@@em	1
hla@@d	1
h@@y@@ne@@m@@e	1
h@@ro@@bu	1
h@@ro@@b@@ky	1
h@@ro@@b@@ce	1
h@@ro@@b	1
h@@ra@@ni@@c	1
h@@ra@@bi@@vo@@sti	1
h@@r@@ů@@z@@a	1
h@@r@@d@@el@@ní	1
h@@ou@@bu	1
h@@ně@@ve@@m	1
h@@ně@@v@@u	1
h@@ně@@v	1
g@@e@@h@@en@@ny	1
dě@@la@@li	1
dě@@k@@uj@@i	1
dobro@@u	1
dobro@@t@@ě	1
dobro@@t@@i@@vo@@st	1
dobro@@t@@a	1
dobro@@di@@ní	1
dobr@@ým	1
dobr@@ý@@m@@i	1
dobr@@ý	1
dobr@@ému	1
dobr@@ého	1
dobr@@é@@m	1
dobr@@é	1
dobr@@o	1
dobr@@a	1
dob@@ře	1
do@@u@@f@@ání	1
do@@u@@f@@á@@m	1
do@@u@@f@@a@@ti	1
do@@tk@@la	1
do@@tk@@l	1
do@@te@@k@@l	1
do@@l@@ů	1
do@@ko@@na@@l@@á	1
da@@r@@u	1
da@@r	1
d@@ů@@věr@@u	1
d@@í@@ky	1
d@@í@@k@@ů	1
d@@é@@mo@@ne@@m	1
d@@é@@mo@@n@@a	1
d@@é@@mo@@n	1
d@@á@@l@@ky	1
d@@u@@cho@@v@@ní@@m	1
d@@u@@cho@@v@@ní	1
d@@rá@@č@@i	1
d@@ra@@ž@@ší	1
d@@ra@@zí	1
d@@ra@@vé	1
d@@en@@á@@r@@u	1
cho@@ro@@bu	1
ch@@vál@@y	1
ch@@vál@@u	1
ch@@vál@@e	1
ch@@ud@@ým	1
ch@@ud@@í	1
ch@@ud@@é	1
ch@@ud@@á@@k	1
ch@@ro@@m@@í	1
ch@@ro@@m@@é	1
ch@@lu@@bi@@ti	1
ch@@lu@@bi@@t	1
ch@@lu@@b@@í	1
cen@@u	1
cen@@ně@@j@@ší	1
c@@i@@z@@o@@lo@@ž@@ství	1
c@@el@@é	1
c@@e@@lo@@zá@@pa@@l@@y	1
bá@@ze@@ň	1
bá@@z@@ní	1
bá@@z@@n@@i	1
bá@@t	1
bá@@li	1
bá@@l	1
bo@@jí	1
bo@@j@@ova@@ti	1
bo@@j@@ova@@t	1
bo@@j@@e	1
bo@@ha@@tí	1
bo@@ha@@t@@ý	1
bo@@ha@@t@@é	1
bo@@ha@@t@@st@@ví@@m	1
bo@@h@@á@@č	1
bez@@ú@@ho@@n@@né	1
bez@@dě@@t@@ný	1
be@@ze@@d@@né	1
be@@zbož@@nosti	1
be@@zbož@@n@@ých	1
b@@ře@@men@@o	1
b@@ře@@m@@e@@ne@@m	1
b@@ě@@d@@a	1
b@@í@@d@@a	1
b@@lá@@z@@no@@v@@ství	1
b@@lá@@z@@no@@v@@st@@ví@@m	1
a@@n@@dě@@la	1
a@@n@@dě@@l	1
a@@m@@e@@n	1
a@@l@@mu@@ž@@ny	1
