é@@k	1
y@@wer	1
wy@@sheid	1
wy@@se@@s	1
wy@@se	1
wy@@s	1
wi@@l@@de	1
wi@@l@@d	1
wi@@er@@oo@@k	1
wer@@k@@st@@y@@d	1
wer@@k	1
wer@@d	1
wel@@k@@om	1
wel@@gev@@al@@li@@g@@e	1
wel@@beh@@aa@@g@@lik	1
wel@@beh@@a@@e	1
we@@t@@t@@el@@oo@@sheid	1
we@@n	1
we@@g@@vl@@ug	1
we@@g@@ste@@e@@k	1
we@@g@@ger@@aak	1
we@@es	1
we@@el@@de	1
we@@el@@d@@er@@ig	1
we@@e@@n	1
we@@e	1
we@@d@@u@@we@@e	1
waar@@va@@n	1
waar@@heid	1
waar@@dig	1
waar@@del@@oos	1
waar@@de	1
wa@@t@@er@@vloe@@d	1
w@@y	1
w@@onder@@like	1
w@@onder@@lik	1
w@@ond	1
w@@ol@@k	1
w@@oed@@en@@d	1
w@@oe@@s	1
w@@oe@@de	1
w@@in@@k@@el@@s	1
w@@an@@g	1
vry@@sp@@reek	1
vry@@moed@@igheid	1
vry@@moed@@ig@@lik	1
vry@@men@@se	1
vry@@maak	1
vry@@ma@@n	1
vry@@heid	1
vry@@ge@@sp@@reek	1
vry@@ge@@sp@@ree@@k@@va@@n	1
vry@@ge@@maak	1
vry@@e	1
vrien@@de@@lik@@heid	1
vrien@@de@@lik	1
vrien@@de	1
vrien@@d	1
vree@@s@@lik	1
vree@@s	1
vree@@m@@de@@lin@@g	1
vr@@y	1
vr@@u@@g@@bar@@e	1
vr@@oeg	1
vr@@o@@lik	1
voor@@waa@@r	1
voor@@ui@@t@@s@@ig	1
voor@@ui@@t	1
voor@@re@@g	1
voor@@de@@li@@ge@@r	1
voor@@de@@li@@g	1
voor@@af	1
voor@@aan@@st@@aan@@de	1
vol@@wa@@s@@se	1
vol@@wa@@s@@s@@en@@es	1
vol@@har@@ding	1
vol@@har@@d	1
vloe@@k	1
vl@@ug	1
vi@@si@@oen	1
vi@@r	1
vertr@@ou	1
vertr@@oos	1
vertr@@oo@@st@@ing	1
vertr@@a@@p	1
vers@@or@@g	1
vers@@oe@@k@@ing	1
vers@@lin@@d	1
vers@@ig@@tig	1
verd@@r@@u@@kk@@ing	1
verd@@or@@de	1
verd@@ie@@n	1
verd@@er@@w@@ing	1
verd@@er@@f	1
ver@@wy@@t	1
ver@@waa@@n@@d	1
ver@@vol@@g@@ing	1
ver@@vloe@@k@@ing	1
ver@@vloe@@k	1
ver@@trou@@e	1
ver@@ster@@k	1
ver@@stan@@dig	1
ver@@stan@@d	1
ver@@st@@aan	1
ver@@sk@@ri@@k@@like	1
ver@@sk@@ri@@k	1
ver@@sk@@oon	1
ver@@r@@aa@@i@@er	1
ver@@r@@aa@@i	1
ver@@oor@@de@@lin@@g	1
ver@@oor@@de@@el	1
ver@@ont@@waar@@dig	1
ver@@on@@tr@@ein@@ig	1
ver@@nie@@tig	1
ver@@nie@@t@@ig@@ing	1
ver@@nie@@t	1
ver@@m@@aan	1
ver@@lo@@ë@@n	1
ver@@lo@@s@@s@@ing	1
ver@@lo@@r@@e	1
ver@@la@@te	1
ver@@la@@m@@de@@s	1
ver@@l@@oo@@r	1
ver@@l@@ei@@ding	1
ver@@k@@eer@@d@@s	1
ver@@k@@eer@@d	1
ver@@heer@@lik	1
ver@@he@@f	1
ver@@h@@ou@@ding	1
ver@@ge@@we	1
ver@@ge@@e@@f	1
ver@@g@@i@@f@@ni@@s	1
ver@@g@@aan	1
ver@@br@@an@@d	1
ver@@b@@ond	1
ver@@b@@l@@y	1
ver@@an@@der	1
va@@t	1
va@@sp@@r@@aa@@t	1
va@@s@@h@@ou	1
va@@l	1
v@@y@@an@@d	1
v@@uu@@r@@v@@la@@mm@@e	1
v@@uu@@r	1
v@@ui@@l	1
v@@reu@@g@@de	1
v@@re@@de	1
v@@oe@@r	1
v@@o@@lo@@p	1
v@@la@@mm@@e	1
v@@in@@ger@@s	1
v@@ie@@s@@like	1
v@@er	1
v@@el@@sie@@k@@te	1
v@@el@@d@@gr@@a@@s	1
v@@el	1
v@@ei@@li@@g	1
v@@an@@g	1
v@@aak	1
ui@@tr@@oe@@i	1
ui@@t@@le@@wer	1
trou@@e	1
tr@@ou	1
tr@@oos	1
tr@@on@@ke	1
tr@@on@@k@@be@@waar@@der	1
tr@@on@@k	1
tr@@om@@p@@e@@t@@te	1
tr@@o@@t@@s	1
tr@@an@@e	1
toe@@wy@@ding	1
toe@@sl@@ui@@t	1
toe@@kom@@s@@ver@@wa@@gt@@ing	1
toe@@gew@@y	1
toe@@ge@@wy@@d@@heid	1
toe@@ge@@e	1
te@@v@@re@@de	1
te@@v@@or@@e	1
te@@st@@a@@men@@t	1
te@@e@@n	1
t@@wy@@f@@el	1
t@@wi@@s@@g@@i@@er@@igheid	1
t@@wi@@s	1
t@@reu@@r	1
t@@oor@@n@@ig	1
t@@oor@@n	1
t@@oo@@r	1
t@@oo@@n@@br@@o@@de	1
t@@o@@t	1
t@@al@@en@@te	1
str@@ui@@k@@el	1
str@@i@@k	1
str@@af	1
str@@aa@@t	1
ster@@we	1
ster@@re@@w@@ig@@gel@@aar@@s	1
ster@@re@@k@@y@@k@@ers	1
ster@@re@@k@@un@@d@@i@@ge@@s	1
ster@@k	1
ster@@f	1
ste@@el	1
stan@@d@@va@@stig	1
st@@ui@@p@@t@@re@@kk@@ing@@s	1
st@@re@@n@@g	1
st@@or@@m@@w@@in@@d	1
spe@@si@@al@@e	1
spe@@si@@aal	1
sp@@uu@@g	1
sp@@r@@aak	1
sp@@oeg	1
sp@@o@@g	1
sle@@gt@@er	1
sle@@gt@@e	1
sle@@g@@me@@t	1
sl@@oo@@t	1
sl@@aan	1
sl@@aa@@f	1
ska@@tr@@y@@k	1
ska@@t	1
ska@@de	1
sk@@y@@n@@heili@@g	1
sk@@uldig	1
sk@@u@@d	1
sk@@oon	1
sk@@in@@der	1
sk@@i@@t@@t@@er	1
sk@@er@@p@@i@@oen	1
sk@@ei@@br@@ie@@f	1
sk@@e@@i	1
sk@@an@@de	1
sk@@aa@@m	1
si@@n	1
si@@l@@wer@@sk@@oon	1
se@@ë@@n	1
se@@k@@te	1
se@@k@@s@@u@@el@@e	1
se@@k@@er	1
se@@er	1
se@@del@@o@@se	1
saa@@m@@wer@@k	1
sa@@li@@g@@heid	1
sa@@gt@@e	1
sa@@g@@moed@@igheid	1
s@@ê@@h@@ul@@l@@e	1
s@@ê@@d@@a@@t	1
s@@y@@n@@e	1
s@@we@@t@@s	1
s@@we@@e@@p	1
s@@waar@@kr@@y	1
s@@waa@@r	1
s@@wa@@k@@heid	1
s@@wa@@k	1
s@@w@@ig	1
s@@uu@@r	1
s@@ui@@wer	1
s@@or@@g	1
s@@oos	1
s@@oor@@t	1
s@@ond@@vloe@@d	1
s@@ond@@ige	1
s@@ond@@aar	1
s@@on@@dig	1
s@@on@@de	1
s@@oen	1
s@@oe@@t	1
s@@maak	1
s@@ma@@d@@en@@d	1
s@@m@@aa@@d	1
s@@li@@m	1
s@@la@@vi@@n	1
s@@la@@g	1
s@@er@@e@@m@@on@@ie@@el	1
s@@el@@f@@s@@ug	1
ry@@p	1
ry@@ke	1
ry@@k@@es	1
ry@@k@@d@@om	1
ry@@k	1
reu@@k@@wer@@k	1
rein@@ig@@ing@@s@@h@@an@@de@@lin@@g	1
rein@@ig	1
rein@@heid	1
regverd@@igheid	1
regverd@@ige	1
regverd@@i@@ge@@s	1
reg@@ver@@dig	1
re@@spe@@k@@te@@er	1
re@@spe@@k	1
re@@sie@@s	1
re@@g	1
re@@d@@ding	1
re@@d	1
r@@ui@@m	1
r@@ug	1
r@@u@@s	1
r@@u@@k	1
r@@ou	1
r@@oe@@m	1
r@@o@@t@@sa@@gt@@ige	1
r@@ei@@n	1
priester@@l@@ei@@ers	1
priester@@hoo@@f@@de	1
pr@@y@@s	1
pr@@o@@st@@i@@t@@uu@@t	1
pr@@o@@b@@le@@m@@e	1
pr@@a@@g	1
p@@y@@n@@ig@@ing	1
p@@y@@n	1
p@@re@@sie@@s	1
p@@re@@s@@en@@t	1
ou@@e	1
ou@@d	1
ou	1
op@@stan@@dig	1
op@@stan@@d	1
op@@st@@aan	1
op@@sk@@u@@d@@ding	1
op@@re@@gt@@heid	1
op@@re@@gt@@e	1
op@@r@@oe@@r	1
op@@h@@ou	1
op@@gew@@on@@de	1
op@@en@@bar@@ing	1
oor@@wi@@n	1
oor@@w@@in@@n@@ing	1
oor@@vloe@@d	1
oor@@sie@@n	1
oor@@lo@@g	1
oor@@b@@oor@@d	1
oo@@ste	1
oo@@re@@en@@kom@@s	1
ont@@st@@el	1
ont@@sa@@g	1
ont@@ke@@n	1
ont@@f@@er@@m@@ing	1
ont@@f@@er@@m	1
onder@@w@@ê@@re@@l@@d	1
onder@@g@@an@@g	1
onder@@aar@@d@@se	1
on@@verd@@ien@@de	1
on@@ver@@stan@@dig	1
on@@tr@@ou	1
on@@sk@@uldig	1
on@@sk@@ul@@d@@ige	1
on@@si@@n	1
on@@se@@de@@lik@@heid	1
on@@se@@de@@lik	1
on@@rein@@heid	1
on@@regverd@@igheid	1
on@@regverd@@ige	1
on@@reg@@ver@@dig	1
on@@re@@g	1
on@@r@@ei@@n	1
on@@m@@oo@@n@@t@@lik	1
on@@kr@@ui@@d	1
on@@k@@un@@de	1
on@@gev@@ein@@s@@de	1
on@@ger@@e@@gt@@igheid	1
on@@gel@@oof	1
on@@gel@@oo@@f@@like	1
on@@geh@@oor@@saa@@m	1
on@@ber@@i@@spe@@lik	1
on@@belangri@@k	1
om@@k@@oo@@p@@gel@@d	1
om@@gev@@a@@l	1
om@@ge@@kr@@a@@p	1
om@@ge@@e	1
om@@br@@ing	1
o@@wer@@sp@@el	1
o@@wer@@priester@@s	1
o@@f@@f@@er	1
nie@@t	1
ni@@k@@s	1
ne@@t	1
ne@@er	1
n@@yd@@igheid	1
n@@u@@t@@tig	1
n@@u@@t	1
n@@ou@@ke@@u@@r@@ig	1
n@@eer@@gev@@a@@l	1
n@@eer@@ged@@aal	1
n@@eer@@d@@aal	1
n@@aa@@l@@d	1
n@@a@@t@@uu@@r@@like	1
moedig	1
men@@se@@lie@@g	1
me@@e@@ster	1
me@@del@@y@@e	1
ma@@l	1
ma@@j@@e@@st@@ei@@t	1
ma@@gt@@ige	1
ma@@gt@@ig	1
m@@y@@s@@el@@f	1
m@@or@@s	1
m@@oor@@d@@en@@aar	1
m@@oo@@n@@t@@lik	1
m@@oo@@i	1
m@@on@@ster	1
m@@oeg	1
m@@oe@@d	1
m@@o@@ei@@lik	1
m@@in@@ste	1
m@@in@@der	1
m@@i@@sle@@i	1
m@@i@@s@@v@@or@@m@@de	1
m@@i@@s@@d@@aa@@d	1
m@@el@@aa@@t@@sheid	1
m@@el@@aa@@t@@se	1
m@@el@@aa@@t@@s	1
lo@@s@@b@@an@@d@@igheid	1
lo@@s@@b@@an@@d@@ige	1
lo@@j@@aal	1
lo@@f	1
lief@@he@@t	1
lief@@h@@ê	1
lief@@de	1
lie@@we	1
lie@@g	1
lie@@f	1
le@@wer	1
le@@we	1
le@@w@@en@@de@@s	1
le@@w@@en@@de	1
le@@u@@en@@aar	1
le@@like	1
le@@kk@@er	1
le@@i	1
le@@e@@f	1
lan@@k@@moedig	1
lan@@k@@moed@@igheid	1
la@@ster@@ing@@e	1
la@@ster@@ing	1
la@@ster	1
la@@s	1
l@@yd@@saa@@m@@heid	1
l@@y@@k	1
l@@y@@ding	1
l@@y	1
l@@u@@i	1
l@@oon	1
l@@ei@@ers	1
kr@@i@@m@@p	1
kr@@an@@si@@e	1
kr@@aak	1
kr@@aa@@i	1
kr@@a@@gt@@ig	1
kli@@p@@p@@er@@ige	1
kli@@p@@b@@an@@ke	1
kli@@m	1
ka@@s@@er@@n@@e	1
ka@@n	1
ka@@me@@el@@har@@e	1
ka@@m@@p	1
k@@we@@l	1
k@@waa@@d@@pr@@a@@t@@er@@y	1
k@@waa@@d	1
k@@w@@ar@@t@@i@@er@@e	1
k@@ui@@s	1
k@@reu@@p@@el@@es	1
k@@reu@@p@@el	1
k@@ou@@d	1
k@@oor@@s	1
k@@on@@ing	1
k@@on@@in@@k@@like	1
k@@o@@s@@bar@@e	1
k@@er@@e	1
k@@an@@s	1
k@@al@@m	1
jon@@g@@ma@@n	1
jon@@g@@m@@an@@s	1
jon@@g@@m@@an@@n@@e	1
jon@@g	1
j@@u@@wel@@e	1
j@@al@@oe@@si@@e	1
j@@a@@mm@@er	1
j@@a@@lo@@ers	1
in@@s@@ig	1
in@@n@@ig	1
in@@me@@k@@aar@@ge@@t@@re@@k	1
in@@ke@@er	1
in@@ge@@t@@o@@ë	1
in@@breek	1
hoo@@p	1
hoo@@g@@moedig	1
hoo@@f@@priester@@s	1
heilig@@ma@@k@@ing	1
heilig@@ing	1
heilig@@heid	1
heilig@@e	1
heili@@ge@@s	1
heili@@g	1
hei@@l	1
heer@@like	1
heer@@lik@@heid	1
heer@@lik@@hei@@de@@n	1
he@@er	1
he@@b@@s@@ug	1
har@@t@@se@@er	1
har@@m@@on@@ie	1
har@@de	1
har@@d@@k@@op@@p@@ig	1
har@@d	1
h@@ê	1
h@@ul@@p	1
h@@ul@@le@@s@@el@@f	1
h@@ui@@l	1
h@@u@@we@@lik@@s@@fe@@es	1
h@@u@@we@@lik	1
h@@u@@me@@u@@r	1
h@@ou@@t@@ka@@p@@p@@er	1
h@@on@@ger@@s@@n@@oo@@d	1
h@@on@@ge@@r	1
h@@ol@@t@@es	1
h@@oe@@r	1
h@@o@@f	1
h@@o@@er@@er@@y	1
h@@o@@er@@eer@@d@@ers	1
h@@er@@st@@el	1
h@@el@@p	1
h@@el@@e	1
h@@el	1
h@@aa@@t	1
gun@@s	1
groo@@t@@men@@se	1
groo@@t@@heid	1
groo@@t@@ge@@maak	1
groo@@t	1
gri@@mm@@igheid	1
gr@@af	1
gr@@aa@@g	1
gr@@a@@m@@skap	1
goed@@s	1
goed@@heid	1
goed@@har@@t@@igheid	1
goed@@gun@@stig	1
goed@@ge@@ke@@u@@r	1
goed@@er@@t@@i@@er@@en@@heid	1
goed@@d@@oen	1
god@@sa@@li@@g@@heid	1
god@@s@@vr@@ug	1
god@@s@@o	1
god@@s@@la@@ster@@lik	1
god@@del@@oo@@sheid	1
god@@del@@o@@se	1
go@@ei@@e	1
gew@@y	1
gew@@on@@e	1
gevangen@@skap	1
gevangen@@i@@s@@se	1
gevangen@@i@@s	1
gevangen@@e	1
gevan@@g@@e	1
gev@@ree@@s	1
gev@@oe@@l	1
gev@@ein@@s@@d@@heid	1
gev@@ar@@e	1
gev@@a@@l	1
gesk@@u@@d	1
gesk@@ri@@k	1
gesk@@ie@@d	1
gesk@@en@@k	1
gesk@@ei@@de	1
gesk@@e@@u@@r	1
ges@@w@@oeg	1
ges@@u@@kk@@el	1
ges@@or@@g	1
ges@@ond	1
ges@@on@@de	1
ges@@ig	1
ger@@u@@s@@ge@@st@@el	1
ger@@ing@@ste	1
ger@@e@@gt@@igheid	1
ger@@e@@d	1
ger@@aak	1
gena@@dig	1
gena@@de@@gesk@@en@@k	1
gena@@de@@g@@a@@we	1
gena@@de	1
gena@@d@@ige	1
gen@@oeg	1
gen@@ie@@t	1
gen@@e@@en@@t@@heid	1
gel@@ê	1
gel@@y@@k	1
gel@@u@@kk@@ig	1
gel@@oof	1
gel@@aa@@t	1
geh@@ui@@l	1
geh@@oor@@saa@@m	1
geh@@el@@p	1
ged@@uldig	1
ged@@ul@@d	1
ged@@oen	1
ged@@ie@@n	1
ged@@en@@k@@gr@@af	1
ged@@an@@k	1
ge@@wy@@de	1
ge@@wy@@d	1
ge@@wi@@l@@li@@g	1
ge@@wel@@d	1
ge@@we@@e@@n	1
ge@@trou@@heid	1
ge@@trou@@e	1
ge@@tr@@ou	1
ge@@ster@@f	1
ge@@st@@o@@p	1
ge@@st@@en@@ig	1
ge@@sp@@oeg	1
ge@@se@@ë@@n	1
ge@@se@@l	1
ge@@lief@@de	1
ge@@le@@we	1
ge@@le@@e@@f	1
ge@@k@@nie@@l	1
ge@@heili@@g	1
ge@@he@@n	1
ge@@g@@l@@o	1
ge@@e@@ste@@like	1
ge@@e@@ste@@lik	1
ge@@breek	1
ge@@b@@re@@k@@like	1
g@@é@@se@@l	1
g@@re@@tig	1
g@@ou@@e	1
g@@ou@@d	1
g@@ou	1
g@@oe@@d	1
g@@lo@@ri@@er@@y@@ke	1
g@@lan@@s	1
g@@l@@o	1
g@@a@@we	1
fe@@es	1
fe@@e@@s@@vi@@er	1
f@@lo@@u	1
er@@v@@aar	1
er@@n@@stig	1
er@@ke@@n	1
er@@ge@@r	1
er@@e@@p@@le@@k	1
er@@a	1
en@@ge@@l	1
en@@d@@ui@@t	1
el@@l@@en@@de	1
ei@@en@@aar	1
eer@@lik	1
eer@@b@@ie@@d	1
e@@w@@igheid	1
e@@w@@ige	1
e@@w@@ig	1
e@@gt@@e@@like	1
e@@g@@b@@reu@@k	1
e@@er	1
dr@@on@@k	1
dr@@oe@@f@@heid	1
doo@@ie@@s	1
doo@@ie	1
doo@@d@@str@@af	1
doo@@d@@maak	1
doo@@d@@ge@@maak	1
doo@@d@@g@@aan	1
doo@@d	1
de@@m@@oon	1
de@@er@@ni@@s	1
dan@@k@@se@@g@@g@@ing	1
dan@@k@@ie	1
dan@@k@@ge@@be@@d	1
dan@@k@@b@@aar	1
dan@@k	1
d@@waa@@sheid	1
d@@waa@@s	1
d@@waa@@l@@sp@@oo@@r	1
d@@wa@@se	1
d@@uu@@r	1
d@@ui@@we@@l	1
d@@ui@@f	1
d@@or@@s	1
d@@or@@in@@gt@@a@@k@@ke	1
d@@on@@k@@er	1
d@@om	1
d@@oe@@ke	1
d@@o@@we	1
d@@o@@de	1
d@@in@@k	1
d@@ien@@sk@@ne@@g	1
d@@ie@@we	1
d@@ie@@n	1
d@@ie@@f	1
d@@i@@er	1
d@@a@@m	1
breek	1
br@@ui@@lo@@f@@s@@fe@@es	1
br@@ui@@lo@@f	1
br@@oed@@er@@lief@@de	1
br@@ing	1
br@@an@@d	1
ber@@ou	1
ber@@oof	1
ber@@oe@@p	1
ber@@oe@@m	1
ber@@ei@@d	1
belangri@@ke	1
belangri@@k@@ste	1
belangri@@k@@heid	1
belangri@@k	1
beh@@oor@@t	1
beh@@aal	1
beh@@aa@@g	1
be@@we	1
be@@waar@@der	1
be@@vree@@s	1
be@@trou@@bar@@e	1
be@@trou@@b@@aar	1
be@@tr@@a@@p	1
be@@t@@yd@@s	1
be@@t@@er	1
be@@sk@@uldig	1
be@@sk@@aa@@m@@d	1
be@@se@@te	1
be@@s@@onder@@e	1
be@@moedig	1
be@@moed@@ig@@ing	1
be@@lo@@we	1
be@@lo@@f@@te	1
be@@lo@@f@@t@@es	1
be@@le@@dig	1
be@@la@@ster	1
be@@l@@oon	1
be@@l@@oof	1
be@@l@@on@@ing	1
be@@kom@@m@@er@@d	1
be@@kom@@m@@er	1
be@@ke@@er	1
be@@k@@ers	1
be@@gri@@p	1
be@@gr@@y@@p	1
be@@gr@@oe@@t@@ing@@e	1
be@@gr@@af@@ni@@s	1
be@@dr@@oe@@f	1
be@@dr@@o@@g	1
be@@dr@@ie@@g	1
be@@del@@aar	1
be@@de@@l	1
bar@@m@@har@@tig	1
bar@@m@@har@@t@@igheid	1
b@@o@@se	1
b@@o@@de@@m@@lo@@se	1
b@@lin@@k	1
b@@lin@@de@@s	1
b@@lin@@de	1
b@@lin@@d	1
b@@la@@d@@s@@y	1
b@@l@@yd@@skap	1
b@@l@@y	1
b@@in@@ne@@ste	1
b@@i@@t@@t@@er@@heid	1
b@@an@@g	1
b@@al@@lin@@g@@skap	1
b@@aa@@s	1
b@@a@@ie	1
b@@a@@b@@i@@l@@on@@i@@ë	1
ar@@m@@es	1
ar@@m	1
ar@@b@@ei@@d	1
al@@t@@y@@d	1
af@@stan@@d	1
af@@kli@@m	1
af@@ke@@er	1
af@@k@@om	1
af@@gun@@stig	1
af@@gun@@s	1
af@@gr@@ond	1
af@@go@@de	1
af@@gesk@@u@@d	1
af@@ges@@ond@@er	1
af@@ge@@breek	1
af@@breek	1
aar@@d@@be@@w@@ing	1
aan@@v@@aar@@b@@aar	1
aan@@ne@@e@@m@@lik	1
aan@@ne@@e@@m	1
aan@@ger@@aak	1
aan@@d@@oen	1
aa@@l@@m@@oe@@se	1
