я@@р@@ост	1
ще@@д@@р@@о	1
чист@@о	1
чист@@и	1
чист@@а	1
чи@@ст	1
че@@ст	1
це@@н@@ни	1
це@@лу@@на	1
ц@@я@@ло@@то	1
ц@@я@@ла@@та	1
ху@@ла	1
ху@@л@@ят	1
хвал@@ят	1
хвал@@я	1
хва@@на@@т	1
хва@@ли	1
унищо@@же@@нието	1
унищо@@же@@ние	1
унищо@@ж@@и	1
ум@@ър@@т@@в@@ят	1
ум@@ре@@те	1
ум@@ре@@м	1
ум@@ра@@т	1
ум@@ра	1
ум@@р@@е	1
ум@@и@@ра@@не	1
ум@@и@@ло@@сти@@ве@@ние	1
уго@@ще@@ние	1
уго@@дни	1
уго@@ди	1
ува@@же@@ние	1
уби@@ят	1
уби@@е@@ц	1
уби@@е@@те	1
уби@@е	1
уби@@ват	1
у@@те@@ха	1
у@@те@@х@@ата	1
у@@т@@вър@@ди	1
у@@си@@л@@но	1
у@@пла@@ши@@ха	1
у@@ве@@ре@@ност	1
търпе@@нието	1
търпе@@ние	1
търпе@@ли@@в@@о	1
тъм@@ниц@@ата	1
тъм@@ниц@@а	1
тъм@@ни@@ча@@р@@ят	1
тру@@с	1
тру@@ди	1
тру@@д@@но	1
тру@@д	1
тре@@с@@ка@@та	1
тре@@с@@ка	1
тре@@во@@же@@те	1
те@@же@@ст	1
та@@м@@я@@н	1
та@@к@@и@@ва	1
т@@ра@@н@@с	1
т@@вър@@д@@ост	1
съ@@ще@@ство	1
съ@@к@@ро@@ви@@щ@@е	1
съ@@жа@@ли	1
съ@@бла@@з@@ъ@@н	1
страхува@@ха	1
страхува@@йте	1
страхува@@й	1
страда@@те	1
страда@@ни@@я@@та	1
страда@@ни@@я	1
стра@@ха	1
стра@@х	1
стра@@н@@ни@@к	1
стра@@да	1
сто@@ри@@л	1
ст@@ро@@г@@о	1
ст@@а@@ра@@та	1
ст@@а@@р	1
срам@@ува@@м	1
срам@@у@@ва	1
сра@@мо@@т@@но	1
сля@@п	1
сля@@з@@ъ@@л	1
сля@@з@@о@@ха	1
слу@@г@@и@@ня@@та	1
слу@@г@@а	1
слеп@@ите	1
слеп@@и@@я	1
слеп@@и	1
сле@@пе@@ц@@а	1
сле@@пе@@ц	1
сле@@з@@е	1
сла@@ве@@н	1
сла@@ва@@та	1
сла@@ва	1
сла@@би	1
сла@@б@@ите	1
сла@@б	1
ск@@ър@@б@@ят	1
ск@@ър@@б@@ите	1
ск@@ъ@@п@@и	1
ск@@ъ@@п	1
ск@@ръ@@б@@та	1
ск@@ръ@@б	1
сирома@@х	1
сирома@@си	1
сирома@@с@@ите	1
си@@ле@@н	1
си@@л@@ни	1
свя@@тост	1
свя@@то	1
свя@@тите	1
свя@@ти	1
свя@@та	1
свобо@@дни	1
свобо@@ден	1
свобо@@да	1
све@@тост	1
све@@то	1
све@@тите	1
све@@ти@@ите	1
све@@ти	1
све@@т	1
с@@ре@@щ@@у	1
с@@правед@@ли@@в@@ост	1
с@@пр@@я@@м@@о	1
с@@па@@се@@нието	1
с@@па@@се@@ние	1
с@@мърт@@та	1
с@@мърт@@но	1
с@@мър@@т	1
с@@ми@@ли	1
с@@ме@@ло@@стта	1
с@@ме@@л@@о	1
с@@м@@у@@т	1
с@@ли@@за@@ше	1
с@@ли@@з@@а	1
с@@г@@ър@@ч@@и	1
с@@ва@@ли	1
с@@а@@ка@@ти	1
ро@@ж@@би	1
ро@@б	1
ре@@в@@ни@@в@@ост	1
разум@@ни	1
разум@@ен	1
раз@@ч@@у@@п@@и	1
раз@@сто@@я@@ние	1
раз@@п@@у@@с@@на@@то	1
раз@@ко@@ш@@но	1
раз@@ко@@ш	1
раз@@д@@ра	1
раз@@би@@ра@@те	1
раз@@би@@ра@@не	1
раз@@бе@@ре@@те	1
раз@@бе@@ра@@т	1
рад@@ост	1
ра@@но	1
ра@@до@@стта	1
р@@оби@@ня@@та	1
проща@@ват	1
проща@@ва@@йте	1
проща@@ва	1
прост@@ите	1
прост@@и	1
прост@@е@@но	1
прост@@е@@ни	1
прос@@ла@@ви	1
прос@@ла@@ве@@н	1
прос@@е@@ше	1
про@@ще@@ние	1
про@@ш@@ка	1
про@@ти@@в	1
про@@к@@ле@@т	1
при@@я@@те@@л	1
при@@не@@си	1
при@@ли@@ча@@ше	1
при@@ли@@ч@@а	1
при@@е@@ма@@т	1
преда@@ност	1
преда@@но@@стта	1
преда@@д@@е	1
пре@@ст@@ъ@@п@@ле@@ние	1
пре@@сле@@д@@ват	1
пре@@п@@я@@т@@ст@@ви@@е	1
пре@@мъдр@@ост	1
пре@@лю@@бо@@де@@й@@ство	1
пре@@д@@ва@@ри@@тел@@но	1
пре@@греш@@е@@нието	1
пре@@би@@ха	1
правед@@ност	1
правед@@но@@стта	1
правед@@ните	1
правед@@ни@@ят	1
правед@@ни@@я	1
правед@@ни	1
праве@@ден	1
прав@@да@@та	1
прав@@да	1
пра@@ви@@л@@но@@то	1
поко@@й	1
по@@чи@@та@@т	1
по@@чи@@т	1
по@@чи@@в@@ка	1
по@@че@@ст	1
по@@ч@@ва	1
по@@хвал@@я	1
по@@хва@@ла	1
по@@стра@@да	1
по@@н@@ос@@и@@м@@о	1
по@@мо@@г@@не@@те	1
по@@ле@@з@@но	1
по@@л@@за@@та	1
по@@л@@з@@а	1
по@@ка@@я@@ние	1
по@@ка@@е@@те	1
по@@доб@@но	1
по@@доб@@ен	1
по@@да@@ръ@@к	1
по@@д@@ве@@да@@т	1
по@@гу@@би	1
по@@гу@@б@@ят	1
по@@г@@и@@бе@@л	1
пла@@че@@ха	1
пла@@че@@те	1
пла@@ча@@т	1
пла@@ч	1
пла@@ка	1
пад@@не	1
пад@@на@@ха	1
пад@@на@@х	1
пад@@на@@т	1
пад@@на	1
па@@да@@т	1
п@@ъ@@к@@ъ@@ла	1
п@@раз@@ни	1
п@@раз@@не@@н@@ство	1
п@@об@@е@@ди	1
п@@о	1
п@@ля@@ва@@та	1
п@@ле@@ве@@л@@ите	1
от@@ч@@у@@пе@@ни	1
от@@х@@вър@@ле@@те	1
от@@ре@@ка	1
от@@ре@@к@@ъ@@л	1
от@@дя@@с@@но	1
от@@дале@@ч@@е	1
от@@дале@@ч	1
ос@@ъд@@и	1
ос@@вобо@@де@@ни	1
обича@@ш	1
обича@@те	1
обича@@т	1
обича@@м@@е	1
обича@@м	1
обича@@йте	1
оби@@ч@@а	1
об@@раз@@а	1
об@@ла@@ка	1
об@@ла@@к	1
об@@ла@@да@@н	1
об@@е@@ща@@нието	1
об@@е@@ща@@ние	1
об@@ви@@ня@@ват	1
о@@це@@т	1
о@@па@@с@@ност	1
о@@мър@@се@@но	1
о@@добр@@я@@ва@@м	1
о@@гла@@д@@ня@@ха	1
о@@гла@@д@@н@@я	1
о@@г@@ъ@@н@@я	1
о@@г@@ъ@@н	1
о@@г@@ра@@би	1
нищ@@о	1
не@@чист@@о@@та	1
не@@чист@@о	1
не@@чи@@ст	1
не@@чести@@е	1
не@@чести@@в@@ите	1
не@@с@@ми@@сле@@ни	1
не@@разум@@ни	1
не@@правед@@ност	1
не@@праве@@ден	1
не@@прав@@да	1
не@@поко@@р@@ни	1
не@@по@@з@@на@@т	1
не@@мо@@щ@@ен	1
не@@мо@@щ	1
не@@за@@слу@@же@@ната	1
не@@за@@слу@@же@@на	1
не@@з@@на@@чи@@тел@@ни@@ят	1
не@@д@@ъз@@и	1
не@@д@@ъ@@га@@ви	1
не@@въз@@мо@@ж@@но	1
не@@ве@@рие	1
на@@пре@@д	1
на@@п@@раз@@ен	1
на@@м@@раз@@ят	1
на@@ка@@ра@@ха	1
на@@ка@@за@@ние	1
на@@дя@@ва@@м@@е	1
на@@дя@@ва@@м	1
на@@де@@ж@@да@@та	1
на@@де@@ж@@да	1
на@@дале@@ч	1
на@@г@@ра@@да@@та	1
на@@г@@ра@@да	1
мърт@@ъ@@в	1
мърт@@ви	1
мърт@@ва	1
мърт@@в@@ите	1
мър@@з@@е@@ли@@ви	1
мъдр@@ост	1
мъдр@@ите	1
мъдр@@и	1
мъд@@ъ@@р	1
мъд@@ро@@стта	1
мъд@@ре@@ц@@ите	1
мо@@и	1
ми@@ра	1
ми@@р	1
ми@@ло@@стта	1
ми@@л@@ост	1
ме@@ко@@та	1
м@@ъ@@ка	1
м@@ръ@@с@@но	1
м@@раз@@ят	1
м@@ла@@де@@ж	1
лю@@бо@@в@@та	1
лю@@бо@@в	1
лю@@би@@м	1
лю@@би	1
лю@@без@@ни	1
лю@@бе@@те	1
лю@@б@@ят	1
лю@@б@@я	1
лю@@б@@ите	1
ло@@ш@@о	1
ло@@ш@@и	1
ли@@це@@ме@@рие	1
ле@@ни@@ви	1
ле@@к@@о	1
л@@ъ@@же@@ц	1
л@@ъ@@же@@с@@ви@@де@@тел@@ств@@ува@@й	1
л@@ъ@@ж@@а	1
ко@@ле@@не	1
ка@@то	1
ка@@м@@ши@@к	1
ка@@к@@то	1
ка@@за@@р@@ма@@та	1
к@@у@@ц@@и	1
к@@ръ@@ст@@ите	1
к@@ро@@тъ@@к	1
к@@ро@@тост	1
к@@рад@@ц@@и	1
к@@ра@@ди	1
к@@ра@@де@@ц	1
к@@ле@@ве@@т@@ниц@@и	1
к@@и@@се@@л@@о	1
из@@оби@@л@@но	1
из@@ма@@м@@а	1
из@@ле@@к@@ува@@м	1
из@@к@@у@@ш@@е@@ние	1
из@@дале@@ч	1
из@@д@@ръ@@ж@@ли@@во@@стта	1
из@@д@@ръ@@ж@@ли@@в@@ост	1
из@@гу@@би	1
из@@вър@@ши@@ли	1
из@@вър@@ши@@л	1
и@@сти@@ната	1
и@@сти@@на	1
и@@сти@@н@@но	1
за@@т@@во@@ра	1
за@@т@@во@@р@@ни@@к	1
за@@срам@@и	1
за@@рад@@ва@@ха	1
за@@п@@лю@@ват	1
за@@гу@@би	1
за@@ви@@ст	1
за@@ви@@на@@г@@и	1
за@@ве@@та	1
за@@ве@@т	1
за@@блуд@@ят	1
за@@б@@ра@@ви@@ли	1
з@@ре@@ли	1
з@@ло@@то	1
з@@ла@@то	1
з@@ла@@т@@о@@то	1
з@@ла@@т@@ни	1
з@@л@@о	1
з@@е@@ме@@тре@@се@@ние	1
з@@д@@ра@@во@@то	1
з@@вя@@ръ@@т	1
з@@вя@@ра	1
з@@вя@@р	1
жи@@ви@@я	1
жи@@ви	1
жи@@ва	1
жи@@в@@ите	1
жи@@в	1
же@@р@@т@@ва	1
же@@н@@ят	1
жа@@л@@к@@о	1
жа@@ден	1
дя@@во@@ла	1
дя@@во@@л@@ът	1
дя@@во@@л	1
духо@@ве@@н	1
духо@@в@@но	1
духо@@в@@ни	1
духо@@в@@на	1
добр@@о	1
добр@@ите	1
добр@@и	1
добр@@е	1
доб@@ъ@@р	1
доб@@ро@@то	1
доб@@ри@@ни	1
доб@@ра	1
до@@сто@@й@@ни	1
до@@сто@@ен	1
до@@пр@@я	1
до@@к@@ос@@на	1
до@@го@@во@@р	1
до@@ве@@рие	1
де@@мо@@на	1
де@@мо@@н@@ът	1
де@@мо@@н	1
да@@ръ@@т	1
да@@ра	1
да@@р@@б@@ата	1
да@@р	1
д@@ър@@з@@о@@ст@@но	1
д@@ъ@@л@@го@@търпе@@ние	1
д@@р@@ъз@@но@@ве@@ние	1
греш@@ни@@к	1
греш@@ната	1
греш@@ен	1
гре@@ха	1
гре@@х@@ът	1
гр@@я@@х	1
гр@@об@@ниц@@ата	1
гр@@об@@ниц@@а	1
гр@@об@@а	1
гос@@по@@да@@р@@ят	1
гос@@по@@да@@р@@я	1
го@@р@@чи@@в@@о	1
го@@р@@к@@о	1
го@@н@@ят	1
го@@ля@@ма@@та	1
го@@ля@@м@@а	1
го@@ля@@м	1
гла@@дни	1
гла@@ден	1
гла@@д	1
гла@@в@@ните	1
гла@@в@@ни	1
ге@@е@@ната	1
г@@ро@@б	1
г@@ри@@жа@@т	1
г@@ня@@в	1
г@@не@@ва	1
г@@лу@@па@@ви	1
г@@лу@@п@@ост	1
г@@и@@бе@@л	1
вя@@ра@@та	1
вя@@ра	1
вя@@р@@но	1
въз@@хва@@ла	1
въз@@ра@@ст	1
въз@@мо@@ж@@но	1
въз@@м@@у@@ти@@ха	1
въз@@лю@@бе@@ни	1
въз@@лю@@бе@@н	1
въз@@ви@@си	1
во@@ю@@ва	1
во@@й@@на	1
ви@@на	1
ви@@де@@ние	1
веч@@но@@то	1
веч@@но	1
веч@@ни@@я	1
веч@@ни	1
веч@@на	1
ве@@че@@н	1
ве@@ре@@н	1
ве@@р@@ни	1
ве@@ли@@ка@@та	1
ве@@ли@@к@@и@@я	1
ве@@ли@@к	1
ве@@ка	1
в@@ъ@@л@@не@@ние	1
в@@се@@ли@@л	1
в@@ре@@да	1
в@@ра@@г	1
в@@ни@@ма@@тел@@но	1
в@@до@@ви@@ц@@ата	1
в@@до@@ви@@ц@@а	1
бога@@тите	1
бога@@ти	1
бога@@т@@ст@@ва@@та	1
бога@@т	1
бо@@я@@ха	1
бо@@ле@@ст	1
бо@@л@@ка	1
бо@@йте	1
бо@@й	1
бо@@ите	1
бо@@го@@ху@@л@@ств@@у@@ва	1
блуд@@ство	1
блуд@@ств@@ува@@не	1
блуд@@ст@@во@@то	1
блуд@@ст@@ва@@не	1
блуд@@ниц@@ата	1
блуд@@ниц@@а	1
благосло@@ви@@я	1
благосло@@ви	1
благосло@@ве@@ние	1
благосло@@ве@@ни	1
благода@@т@@та	1
благода@@т	1
благода@@ри@@м	1
благода@@ре@@ние	1
благода@@р@@я	1
благода@@р@@ност	1
благода@@р@@и	1
благо@@чести@@ето	1
благо@@чести@@е	1
благо@@ух@@ан@@но	1
благо@@во@@ли@@х	1
благо@@во@@ле@@ние	1
бла@@г@@ост	1
бла@@г@@а	1
би@@ят	1
без@@ум@@е@@ц	1
без@@поко@@йте	1
без@@поко@@ите	1
без@@по@@ле@@з@@ни	1
без@@за@@ко@@нието	1
без@@за@@ко@@ние	1
без@@д@@ната	1
без@@бо@@ж@@ниц@@и	1
без@@бо@@ж@@ните	1
бе@@с@@ът	1
бе@@дни	1
бе@@д@@ните	1
б@@я@@с	1
б@@я@@га@@те	1
б@@ър@@з@@о	1
ан@@ге@@ла	1
ан@@ге@@л@@ът	1
ан@@ге@@л	1
а@@л@@ч@@ност	1
