zwa@@k@@ken	1
zwa@@k@@heid	1
zwa@@k	1
zor@@gen	1
zor@@g	1
zond@@vloe@@d	1
zond@@ige	1
zond@@ig@@t	1
zond@@aar	1
zon@@de	1
zi@@n	1
zegen@@ing	1
zegen@@ge@@be@@d	1
zegen@@en	1
zegen@@de	1
ze@@gen	1
ze@@g	1
ze@@del@@oo@@sheid	1
zacht@@moed@@igheid	1
zacht@@moed@@ig	1
zacht@@aard@@igheid	1
z@@ur@@e	1
z@@uiv@@er	1
z@@oe@@n@@o@@ff@@er	1
z@@o@@al@@s	1
z@@in@@loo@@s	1
z@@ie@@k@@te	1
z@@al@@igheid	1
wij@@zen	1
wij@@sheid	1
wij@@s	1
wel@@gev@@al@@l@@ig	1
wel@@be@@ha@@gen	1
wel@@be@@ha@@gelijk	1
we@@zen	1
we@@t@@t@@el@@oo@@sheid	1
we@@g@@ge@@b@@ro@@ken	1
we@@ende	1
we@@en@@t	1
we@@en@@den	1
we@@el@@de	1
we@@e	1
we@@der@@p@@ar@@t@@ij	1
we@@d@@uwe	1
waard@@ig	1
waard@@el@@oo@@s	1
waar@@heid	1
waar@@de	1
waar@@d	1
w@@raa@@k	1
w@@ol@@k	1
w@@oed@@end	1
w@@oe@@de	1
w@@ier@@p	1
w@@en@@ing	1
w@@en@@en	1
w@@ank@@elen	1
vrijmoed@@igheid	1
vrijmoed@@ig@@lijk	1
vrijmoed@@ig	1
vrij@@heid	1
vrij@@ge@@m@@aa@@k@@t	1
vrij@@en	1
vrij@@e	1
vrien@@d@@elijk	1
vrien@@d@@elij@@k@@heid	1
vrien@@d	1
vree@@st	1
vree@@s@@den	1
vree@@s	1
vree@@m@@del@@ing	1
vree@@m@@de	1
vre@@zen	1
vre@@ze	1
vre@@u@@g@@de	1
vre@@s@@elijk	1
vre@@de@@s	1
vre@@de	1
vr@@oo@@m@@heid	1
vr@@oo@@m	1
vr@@ij	1
voor@@ui@@t	1
voor@@tre@@ff@@elijke	1
voor@@tre@@ff@@elijk	1
voor@@st@@aan	1
vol@@le	1
vol@@k@@s@@op@@loo@@p	1
vol@@har@@ding	1
vol@@har@@den	1
vloe@@k	1
vloe@@d	1
vi@@s@@i@@o@@en	1
vi@@elen	1
verstan@@dig	1
verstan@@d@@ige	1
verstan@@d	1
verst@@o@@ten	1
verst@@aan	1
verst@@aa@@t	1
versch@@ro@@m@@p@@el@@de	1
versch@@ri@@k@@k@@in@@gen	1
versch@@ri@@k@@k@@elijke	1
veroor@@del@@ing	1
veroor@@del@@en	1
veroor@@de@@el@@t	1
veroor@@de@@el@@d	1
verheu@@gen	1
verheu@@g@@den	1
verheu@@g	1
verhe@@er@@lijk@@t	1
verhe@@er@@lij@@ken	1
verdr@@u@@k@@k@@ing	1
verdr@@iet@@ig	1
verdr@@ie@@t	1
verder@@ven	1
verder@@ve	1
verder@@f	1
ver@@ze@@k@@er	1
ver@@z@@oe@@k@@ing	1
ver@@wa@@cht@@ing	1
ver@@w@@er@@p@@elijk	1
ver@@w@@ar@@r@@ing	1
ver@@vol@@gen	1
ver@@vloe@@k@@ten	1
ver@@vloe@@k@@t	1
ver@@trouw@@en	1
ver@@trouw@@den	1
ver@@t@@roo@@st@@ing	1
ver@@t@@roo@@st@@en	1
ver@@s@@lin@@den	1
ver@@raa@@d@@t	1
ver@@ra@@den	1
ver@@ra@@d@@er	1
ver@@r@@e	1
ver@@ont@@waard@@ig@@d	1
ver@@n@@iet@@igen	1
ver@@n@@iet@@ig@@ing	1
ver@@m@@oor@@den	1
ver@@loo@@c@@he@@n@@en	1
ver@@lie@@zen	1
ver@@lie@@st	1
ver@@le@@i@@ding	1
ver@@le@@i@@den	1
ver@@la@@ten	1
ver@@la@@m@@den	1
ver@@l@@or@@en	1
ver@@keer@@d@@s	1
ver@@keer@@d	1
ver@@k@@l@@aar@@d	1
ver@@gev@@ing	1
ver@@gev@@en	1
ver@@gee@@ft	1
ver@@gee@@f	1
ver@@ge@@l@@ding	1
ver@@g@@ank@@elijke	1
ver@@g@@aan	1
ver@@dor@@de	1
ver@@d@@ra@@ge@@lijk@@er	1
ver@@ban@@n@@ing	1
ver@@b@@on@@d	1
ver@@b@@lij@@d	1
val@@st@@ri@@k	1
val@@s	1
val@@le	1
val@@l@@en	1
v@@ur@@ig	1
v@@u@@u@@r	1
v@@ro@@uwe	1
v@@lie@@den	1
v@@le@@s@@e@@s	1
v@@ij@@an@@d	1
v@@ie@@l	1
v@@e@@i@@l@@ig	1
v@@a@@l	1
uit@@le@@veren	1
trouw@@en	1
trouw@@el@@o@@ze	1
trouw@@e	1
tro@@uw	1
tre@@ur@@en	1
toor@@n@@s	1
toor@@n@@igheid	1
toor@@n@@ig	1
toor@@n	1
te@@vre@@den	1
te@@v@@or@@en	1
te@@st@@a@@m@@en@@t@@s	1
te@@gen@@p@@ar@@t@@ij	1
te@@gen	1
t@@w@@i@@st@@g@@ier@@igheid	1
t@@roo@@st	1
t@@oe@@wij@@ding	1
t@@oe@@ge@@wij@@d	1
t@@oe@@be@@h@@or@@en	1
t@@o@@on@@b@@ro@@den	1
ster@@ven	1
ster@@ken	1
ster@@ke	1
ster@@k	1
st@@rui@@k@@elen	1
st@@rij@@d	1
st@@ri@@k	1
st@@raf	1
st@@ra@@ff@@en	1
st@@r@@al@@ende	1
st@@elen	1
st@@an@@d@@v@@a@@st@@ig	1
sp@@u@@u@@g@@den	1
sp@@on@@s	1
sp@@o@@t@@ten	1
sle@@m@@p@@p@@ar@@t@@ij@@en	1
sle@@cht@@er	1
sle@@cht@@e	1
sla@@vi@@n	1
sla@@gen	1
sla@@cht	1
scha@@t	1
scha@@men	1
scha@@de	1
sch@@uldig	1
sch@@ul@@d	1
sch@@u@@d@@den	1
sch@@u@@d@@de	1
sch@@ol@@den	1
sch@@i@@t@@t@@er@@ing	1
sch@@i@@t@@t@@er@@ende	1
sch@@i@@m@@p@@end	1
sch@@an@@de	1
sch@@aa@@m@@t	1
sc@@hei@@den	1
sc@@he@@ur@@de	1
s@@oor@@t	1
s@@ma@@ken	1
s@@l@@uwe	1
s@@l@@aa@@f	1
s@@e@@k@@te	1
rui@@men	1
roe@@men	1
roe@@me	1
roe@@i@@en	1
ro@@uw	1
ro@@t@@te	1
ro@@d@@de@@l	1
rij@@p	1
rij@@ken	1
rij@@ke	1
rij@@k@@do@@m	1
rij@@k	1
rein@@igen	1
rein@@heid	1
rechtvaard@@igheid	1
rechtvaard@@igen	1
rechtvaard@@ige	1
rechtvaard@@ig	1
recht@@er	1
re@@u@@kw@@er@@k	1
re@@st	1
re@@sp@@e@@c@@t	1
re@@i@@n	1
re@@d@@ding	1
raa@@k@@te	1
r@@u@@st	1
p@@rij@@zen	1
p@@rij@@s	1
p@@ra@@cht	1
p@@ij@@n@@ig@@ing	1
p@@ij@@n	1
p@@aa@@s@@f@@ee@@st	1
overw@@on@@n@@en	1
overw@@in@@t	1
overw@@in@@n@@ing	1
overw@@in@@n@@en	1
over@@tre@@ding	1
over@@sp@@e@@l	1
over@@p@@r@@ie@@ster@@s	1
over@@le@@veren	1
over@@b@@oor@@d	1
ou@@der@@do@@m	1
ou@@den	1
ou@@de	1
ou@@d	1
op@@st@@an@@d	1
op@@recht@@heid	1
op@@re@@cht	1
op@@ge@@st@@aan	1
oor@@lo@@g	1
oor@@baar	1
ont@@zi@@en	1
ont@@za@@g	1
ont@@u@@cht@@igheid	1
ont@@u@@cht	1
ont@@st@@o@@ken	1
ont@@f@@er@@m@@ing	1
ont@@f@@er@@m@@d	1
ont@@f@@er@@m	1
onger@@e@@cht@@igheid	1
onge@@loo@@f	1
onge@@lo@@v@@igheid	1
onge@@lo@@v@@ig	1
onge@@h@@oor@@z@@aa@@m	1
onder@@w@@er@@el@@d	1
onder@@g@@an@@g	1
onder@@g@@aan	1
onder@@aard@@s@@e	1
on@@we@@t@@en@@d@@heid	1
on@@verstan@@dig	1
on@@ver@@d@@ien@@de	1
on@@tro@@uw	1
on@@sch@@uldig	1
on@@rein@@igheid	1
on@@rein@@heid	1
on@@rechtvaard@@igheid	1
on@@rechtvaard@@ig	1
on@@re@@i@@n	1
on@@re@@cht	1
on@@m@@o@@gelijk	1
on@@k@@rui@@d	1
on@@ber@@i@@sp@@elijk	1
o@@m@@bre@@n@@gen	1
o@@ff@@er	1
ne@@t	1
ne@@er@@ged@@aa@@l@@d	1
ne@@er@@d@@al@@en	1
ne@@er	1
ne@@der@@val@@l@@ende	1
ne@@der@@ged@@aa@@l@@d	1
ne@@der@@d@@al@@en	1
ne@@d@@er	1
n@@u@@t	1
n@@n@@a	1
n@@ij@@d@@igheid	1
n@@ij@@d	1
n@@iet@@s	1
n@@a@@ij@@v@@er	1
ma@@j@@e@@st@@e@@i@@t	1
ma@@g@@i@@Ã«@@r@@s	1
ma@@cht@@ig	1
ma@@cht@@e	1
m@@oor@@d@@en@@aar	1
m@@oe@@i@@te	1
m@@oe@@i@@lijk	1
m@@o@@gelijk	1
m@@in@@st@@e	1
m@@i@@sle@@i@@den	1
m@@er@@ken	1
m@@el@@aa@@t@@sheid	1
m@@el@@aa@@t@@s@@e	1
m@@ee@@st@@er	1
m@@e@@del@@e@@ven	1
m@@e@@d@@elij@@den	1
loo@@n	1
lo@@s@@ban@@dig	1
lo@@s@@ban@@d@@igheid	1
lo@@f	1
lijk@@t	1
lij@@ken	1
lij@@den	1
lij@@d@@z@@aa@@m@@heid	1
lij@@d@@t	1
liefhe@@e@@ft	1
liefhe@@b@@t	1
liefhe@@b@@b@@en	1
liefhe@@b	1
lief@@de@@v@@o@@l	1
lief@@de	1
lie@@f	1
le@@veren	1
le@@v@@ende	1
le@@v@@end	1
le@@v@@en@@den	1
le@@u@@gen@@aar	1
le@@i@@d@@ende	1
le@@g@@e	1
le@@e@@k	1
le@@e@@ft	1
le@@e@@f@@t@@ij@@d	1
laster@@ing	1
laster@@in@@gen	1
laster@@en	1
laster@@den	1
la@@st@@ig	1
la@@st@@er	1
la@@st	1
la@@m@@men	1
l@@ui@@ster@@e	1
l@@ui@@st@@er	1
l@@u@@x@@e	1
l@@ank@@moed@@igheid	1
l@@ank@@moed@@ig	1
l@@aa@@t@@st@@en	1
kw@@ij@@t	1
kw@@al@@en	1
kw@@aa@@d@@sp@@re@@ken	1
kw@@aa@@d@@s	1
kw@@aa@@d	1
kw@@a@@lijk	1
kw@@a@@de	1
keer@@t	1
k@@rij@@g	1
k@@re@@u@@p@@elen	1
k@@raa@@i@@t	1
k@@ra@@cht@@ig	1
k@@ou@@d	1
k@@oor@@t@@s	1
k@@o@@st@@elijk	1
k@@o@@st@@baar	1
k@@n@@i@@el@@den	1
k@@le@@in@@st@@e	1
k@@la@@cht	1
k@@a@@z@@er@@n@@e	1
k@@a@@f	1
j@@onge@@ma@@n	1
j@@onge@@lin@@gen	1
j@@onge@@l@@ing	1
j@@on@@k@@heid	1
j@@on@@g@@e	1
j@@al@@oe@@zi@@e	1
j@@al@@o@@er@@s	1
in@@zi@@cht	1
in@@sp@@an@@n@@ing	1
in@@g@@aan	1
in@@bre@@ken	1
ij@@ver@@ig	1
heil@@za@@me	1
heil@@igheid	1
heil@@igen	1
heil@@ige	1
heil@@ig@@ma@@k@@ing	1
heil@@ig@@ing	1
heil@@ig	1
hei@@l	1
he@@v@@ig	1
he@@le	1
he@@l@@s@@e	1
he@@l@@pen	1
he@@l	1
he@@er@@lijk@@heid	1
he@@er	1
he@@b@@z@@u@@cht	1
har@@d	1
ha@@ten	1
h@@ui@@l@@en	1
h@@ui@@d@@vr@@aa@@t	1
h@@ui@@c@@he@@la@@r@@ij	1
h@@ou@@den	1
h@@ou@@d@@t	1
h@@or@@e	1
h@@op@@en	1
h@@oo@@p	1
h@@onger@@s@@n@@oo@@d	1
h@@onger@@ig	1
h@@onger@@de	1
h@@onge@@r	1
h@@oe@@r	1
h@@o@@ge@@p@@r@@ie@@ster@@s	1
h@@o@@er@@er@@ij	1
h@@o@@er@@eer@@der@@s	1
h@@er@@in@@n@@er@@in@@g@@s@@g@@raf	1
h@@aa@@st@@elijk	1
goed@@s@@moed@@s	1
goed@@s	1
goed@@heid	1
goed@@ge@@k@@e@@ur@@d	1
goed@@er@@t@@ier@@en@@heid	1
god@@z@@al@@igheid	1
god@@vr@@u@@cht@@ige	1
god@@sla@@ster@@ing	1
god@@s@@vr@@u@@cht	1
god@@del@@oo@@sheid	1
god@@del@@o@@zen	1
god@@del@@o@@ze	1
gevangen@@scha@@p	1
gevangen@@is	1
gevangen@@i@@s@@s@@en	1
gevangen@@ge@@ze@@t	1
gevangen@@e	1
gevan@@gen	1
gev@@ar@@en	1
gev@@al@@l@@en	1
gev@@aar	1
ger@@e@@cht@@igheid	1
gen@@e@@zen	1
gen@@e@@gen@@heid	1
gen@@a@@de@@g@@a@@ve	1
gen@@a@@de	1
gelijk	1
gee@@st@@elijke	1
gee@@st@@elijk	1
ged@@uldig	1
ged@@ul@@d	1
ged@@ank@@t	1
ged@@aan	1
ge@@zon@@de	1
ge@@zi@@cht	1
ge@@zegen@@d	1
ge@@wel@@d@@ige	1
ge@@wel@@d	1
ge@@we@@en	1
ge@@trouw@@heid	1
ge@@trouw@@e	1
ge@@tro@@uw	1
ge@@st@@or@@ven	1
ge@@sla@@gen	1
ge@@sch@@on@@ken	1
ge@@sc@@he@@n@@k	1
ge@@p@@re@@zen	1
ge@@m@@e@@en	1
ge@@loo@@f@@s	1
ge@@loo@@f	1
ge@@lijk@@t	1
ge@@lijk@@er@@wij@@s	1
ge@@lief@@de	1
ge@@k@@raa@@i@@d	1
ge@@heil@@ig@@d	1
ge@@he@@n@@n@@a	1
ge@@he@@le	1
ge@@h@@e	1
ge@@b@@ro@@ken	1
g@@u@@n@@st	1
g@@roo@@t@@heid	1
g@@roo@@t	1
g@@ro@@ten	1
g@@ro@@te	1
g@@rij@@pen	1
g@@raf	1
g@@ra@@m@@scha@@p	1
g@@ou@@den	1
g@@ou@@d	1
g@@oe@@den	1
g@@oe@@de	1
g@@oe@@d	1
g@@l@@or@@ier@@ij@@ke	1
g@@l@@or@@i@@e	1
g@@l@@an@@s	1
g@@ier@@igheid	1
g@@i@@ft	1
g@@a@@ve	1
f@@y@@s@@ie@@k	1
f@@or@@t	1
f@@ee@@st	1
er@@uit@@za@@g	1
er@@ge@@r	1
er@@en	1
er@@e	1
en@@or@@me	1
en@@ge@@l@@s	1
en@@ge@@l	1
eeuw@@igheid	1
eeuw@@igen	1
eeuw@@ige	1
eeuw@@ig	1
eer@@t	1
eer@@st@@ge@@b@@o@@re@@n@@e	1
eer@@lijk	1
eer@@b@@ie@@dig	1
e@@v@@en@@al@@s	1
e@@er	1
e@@cht@@bre@@u@@k	1
dr@@u@@k	1
dr@@on@@ken	1
dr@@oe@@f@@heid	1
dr@@aa@@g@@lijk@@er	1
dor@@st@@ig	1
dor@@st@@en	1
dor@@st	1
do@@ven	1
do@@m	1
do@@den	1
do@@de	1
de@@m@@o@@n	1
dank@@ze@@g@@g@@ing	1
dank@@te	1
dank@@t	1
dank@@ge@@be@@d	1
dank@@baar	1
d@@wa@@ze	1
d@@w@@aa@@sheid	1
d@@w@@aa@@s	1
d@@ur@@e	1
d@@uiv@@el@@s	1
d@@uiv@@e@@l	1
d@@ui@@f	1
d@@oor@@ma@@ken	1
d@@oo@@d@@st@@raf	1
d@@oo@@d@@s	1
d@@oo@@d	1
d@@ier@@baar	1
d@@ien@@st@@m@@aa@@g@@d	1
d@@ien@@st@@k@@ne@@cht	1
d@@ie@@ven	1
d@@ie@@f	1
d@@i@@sc@@u@@s@@s@@ie@@s	1
d@@an@@ken	1
d@@an@@k	1
c@@i@@p@@ie@@r	1
c@@er@@e@@m@@on@@ie@@e@@l	1
bre@@n@@gen	1
ber@@ou@@w	1
ber@@oe@@p	1
ber@@oe@@men	1
bel@@oo@@f@@de	1
bel@@on@@ing	1
bel@@on@@en	1
bel@@o@@on@@d	1
bel@@o@@f@@te	1
bel@@o@@f@@t@@en@@is	1
beg@@roe@@t@@in@@gen	1
beg@@rij@@pen	1
beg@@rij@@p@@t	1
beg@@re@@pen	1
beg@@ra@@f@@en@@is	1
be@@zor@@g@@d	1
be@@ze@@ten	1
be@@za@@d@@ig@@d	1
be@@w@@o@@gen	1
be@@vree@@s@@d	1
be@@trouw@@baar	1
be@@trouw@@b@@ar@@e	1
be@@te@@k@@en@@is	1
be@@t@@er@@e	1
be@@t@@er	1
be@@scha@@d@@igen	1
be@@sch@@aa@@m@@d	1
be@@p@@roe@@v@@ing	1
be@@ne@@den	1
be@@moed@@igen	1
be@@keer@@den	1
be@@k@@er@@ing	1
be@@k@@er@@en	1
be@@ha@@gen	1
be@@e@@st	1
be@@dr@@oe@@f@@d	1
be@@del@@en	1
be@@del@@aar	1
be@@d@@ro@@g	1
ban@@g	1
b@@uit@@en@@k@@an@@t	1
b@@rui@@lo@@ft	1
b@@rui@@lo@@f@@t@@s@@f@@ee@@st	1
b@@ra@@k	1
b@@o@@ze	1
b@@lin@@den	1
b@@lin@@de	1
b@@lin@@d	1
b@@lij@@d@@scha@@p	1
b@@l@@ij	1
b@@in@@d@@end	1
b@@ar@@m@@har@@t@@igheid	1
b@@ar@@m@@har@@t@@ig	1
b@@a@@b@@y@@l@@on@@i@@sch@@e	1
ar@@men	1
ar@@me	1
ar@@m	1
an@@g@@st	1
al@@t@@ij@@d	1
al@@s	1
af@@st@@an@@d	1
af@@ge@@zon@@der@@d	1
af@@ge@@le@@gen	1
af@@g@@u@@n@@st	1
af@@g@@r@@on@@d	1
af@@bre@@ken	1
aard@@be@@v@@ing	1
aan@@st@@oo@@t	1
aan@@ne@@men	1
aan@@k@@la@@gen	1
aan@@ger@@aa@@k@@t	1
aa@@l@@m@@oe@@zen	1
a@@st@@ro@@lo@@gen	1
a@@f	1
a@@cht@@ing	1
