ґ@@ру@@н@@т	1
істи@@ні	1
істи@@но	1
істи@@на	1
істи@@н@@у	1
істи@@н@@и	1
яз@@ниці	1
яз@@ницю	1
яз@@е@@нь	1
я@@н	1
я@@ко	1
я@@к	1
ю@@на@@ки	1
ю@@на@@к@@а	1
ще@@д@@р@@о	1
ш@@тор@@мо@@вий	1
ш@@ви@@д@@ко	1
чу@@ж@@е@@ниц@@е@@ю	1
чи@@сті	1
чи@@ст@@е	1
ч@@е@@сть	1
ху@@т@@ко	1
ху@@лу	1
ху@@ла	1
хва@@лу	1
хва@@ли@@тися	1
хва@@ли@@ти@@сь	1
х@@м@@а@@рі	1
х@@м@@а@@р@@а	1
х@@во@@рі@@в	1
ус@@о@@х@@ло@@ю	1
у@@пок@@о@@є@@м	1
у@@па@@в	1
у@@мерти	1
у@@люб@@ле@@ного	1
у@@люб@@ле@@ний	1
у@@го@@ду	1
у@@го@@ди@@ти	1
у@@бити	1
у@@б@@оги@@м	1
торкну@@в@@ся	1
терпі@@ти	1
терпі@@ннє	1
терпі@@ння	1
терпі@@нн@@ю	1
тер@@пе@@ли@@ві@@сть	1
те@@м@@ниці	1
те@@м@@ницю	1
те@@м@@ниц@@ї	1
т@@я@@ж@@ко	1
т@@я@@га@@ре@@м	1
т@@у@@р@@б@@у@@йте@@ся	1
т@@ру@@д	1
т@@р@@я@@с@@і@@ння	1
т@@р@@я@@с@@е@@ннє	1
т@@лі@@нн@@е	1
т@@а@@ки@@ми	1
сьвя@@ти@@х	1
сьвя@@ти@@ми	1
сьвя@@те	1
сьвя@@т@@а	1
сьвя@@т	1
стражда@@ти	1
стражда@@нь	1
стражда@@ння	1
стра@@х@@у	1
стра@@х	1
стра@@с@@ї	1
ста@@рі	1
ста@@ро@@ї	1
ста@@ро@@г@@о	1
ста@@ри@@й	1
ста@@р@@е	1
ста@@лися	1
соро@@ми@@тися	1
соро@@м@@лю@@сь	1
соро@@м	1
слї@@пог@@о	1
слї@@пи@@х	1
слї@@пи@@м	1
слї@@пи@@й	1
слї@@п@@і	1
слі@@пог@@о	1
слі@@по@@м@@у	1
слі@@пи@@х	1
слі@@пи@@м	1
слі@@пи@@й	1
слі@@п@@і	1
сла@@ві	1
сла@@во@@ю	1
сла@@ва	1
сла@@в@@у	1
сла@@в@@ним	1
сла@@в@@и	1
свя@@ті@@сть	1
свя@@то@@сті	1
свя@@ти@@х	1
свя@@ти@@ми	1
свя@@ти@@й	1
свя@@те	1
свя@@т@@і	1
с@@хо@@пи@@ти	1
с@@хо@@ж@@а	1
с@@хо@@ди@@в	1
с@@у@@про@@ти	1
с@@у@@му@@вати	1
с@@правед@@ли@@вий	1
с@@пра@@г@@и	1
с@@пок@@ус@@у	1
с@@пок@@ус@@и	1
с@@пок@@ус@@а@@м	1
с@@по@@чин@@ку	1
с@@по@@ти@@ка@@ння	1
с@@пере@@ч@@а@@тися	1
с@@пас@@і@@ння	1
с@@пас@@е@@ння	1
с@@пас@@е@@нн@@е	1
с@@п@@ус@@ка@@в@@ся	1
с@@мі@@ли@@в@@о	1
с@@му@@то@@к	1
с@@му@@т@@ку	1
с@@мерти	1
с@@мерт@@і	1
с@@мерт@@ю	1
с@@мер@@ть	1
с@@ка@@р@@б	1
с@@ка@@за@@ло	1
с@@від@@ку@@й	1
ру@@й@@ну@@ва@@в	1
розумі@@є@@те	1
розумі@@ння	1
розумі@@нн@@я@@м	1
розумі@@ли	1
розу@@мо@@м	1
роз@@п@@ус@@ниц@@я	1
роз@@п@@у@@сті	1
роз@@п@@у@@сти	1
роз@@во@@ди@@ти@@сь	1
роз@@бі@@й@@ників	1
роз@@бі@@й@@ник@@а	1
ри@@да@@й@@те	1
радо@@щ@@і	1
радо@@щ@@а@@ми	1
радо@@сті	1
радо@@стю	1
радо@@сти	1
ра@@ді@@стю	1
ра@@ді@@сть	1
ра@@бо@@м	1
ра@@би@@ні	1
ра@@б@@а	1
ра@@б	1
пі@@к@@лу@@йте@@ся	1
пі@@з@@но	1
пі@@з@@н@@я	1
про@@ще@@ні	1
про@@ще@@ння	1
про@@щ@@а@@ти	1
про@@ти	1
про@@сти@@ть	1
про@@сти@@т@@ься	1
про@@сти@@в	1
про@@сти	1
про@@сла@@ви@@ть	1
про@@сла@@ви@@в@@сь	1
про@@сла@@ви@@в	1
про@@с@@пі@@ва@@є	1
про@@пас@@ниці	1
про@@пас@@ниц@@я	1
про@@ка@@з@@а	1
про@@й@@ти	1
про@@ви@@н@@и	1
при@@я@@те@@ль	1
при@@торкну@@ла@@сь	1
при@@торкну@@в@@сь	1
при@@соро@@ми@@ти	1
при@@па@@в	1
при@@ві@@ти	1
премуд@@рі@@сть	1
премуд@@ро@@стю	1
премуд@@ро@@сть	1
премуд@@ро@@сти	1
премуд@@ри@@х	1
правед@@ні	1
правед@@ного	1
правед@@них	1
правед@@ників	1
правед@@ний	1
правед@@н@@о@@сти	1
правд@@ї	1
правд@@і	1
правд@@у	1
правд@@и	1
правд@@а	1
прав@@у	1
прав@@до@@ю	1
пра@@гн@@е	1
пра@@ви@@ці	1
поді@@б@@ні	1
поді@@б@@ний	1
поді@@б@@на	1
пог@@у@@бити	1
пог@@у@@би@@ть	1
пог@@и@@бі@@ль	1
пог@@и@@бе@@ль	1
пог@@и@@б@@а@@є@@м@@о	1
пог@@а@@ні	1
по@@хо@@ва@@но	1
по@@хва@@лу	1
по@@хва@@ли@@тися	1
по@@ті@@х@@у	1
по@@то@@п	1
по@@стражда@@ти	1
по@@правд@@і	1
по@@пере@@д	1
по@@па@@да@@ли	1
по@@мож@@и	1
по@@ми@@лу@@й	1
по@@ми@@лу@@ва@@ні	1
по@@мерти	1
по@@мер@@ли@@х	1
по@@мер@@л@@і	1
по@@м@@ре@@те	1
по@@ляка@@лись	1
по@@ка@@я@@лися	1
по@@ж@@а@@д@@ли@@ві@@стю	1
по@@д@@я@@ку	1
по@@д@@я@@к@@ою	1
по@@ві@@к	1
по@@важ@@а@@ти@@му@@ть	1
по@@бі@@ди@@ть	1
по@@благо@@с@@ло@@ви@@в	1
пере@@ст@@у@@п	1
пере@@мож@@е	1
пере@@люб@@у	1
пере@@лю@@б	1
пер@@во@@свя@@ще@@ників	1
пер@@во@@свя@@ще@@ник@@и	1
пер@@во@@свя@@ще@@ни@@ка@@м	1
пе@@к@@ло	1
па@@на	1
па@@н	1
па@@да@@в	1
п@@у@@сти@@й	1
п@@лю@@вати	1
п@@ла@@чу@@ч@@и	1
п@@ла@@ч	1
п@@ла@@ка@@ти	1
од@@ер@@жи@@ми@@й	1
од@@да@@ле@@ки	1
од@@да@@в@@ш@@и	1
ог@@ні	1
ог@@не@@м	1
ог@@н@@ю	1
о@@чи@@сти@@ти	1
о@@ста@@ннє	1
о@@ста@@нн@@і	1
о@@с@@у@@ду	1
о@@го@@нь	1
о@@бі@@т@@ниц@@я	1
не@@чи@@ст@@ого	1
не@@сл@@у@@х@@н@@я@@ні	1
не@@розу@@м@@ним	1
не@@правд@@и	1
не@@прав@@до@@мо@@ве@@ц@@ь	1
не@@пок@@ір@@них	1
не@@на@@виді@@ти@@му@@ть	1
не@@на@@виді@@ти	1
не@@мож@@ли@@в@@е	1
не@@мо@@ч@@і	1
не@@мо@@в	1
не@@ду@@г@@у	1
не@@до@@ст@@о@@є@@н	1
не@@до@@ст@@о@@й@@ний	1
не@@віль@@ник	1
не@@без@@пе@@ка@@х	1
на@@ч@@е	1
на@@пере@@д	1
на@@к@@ле@@п@@и	1
на@@й@@т@@я@@ж@@ч@@е	1
на@@й@@м@@е@@н@@ш@@и@@х	1
на@@й@@м@@е@@н@@ш@@и@@й	1
на@@за@@в@@ж@@д@@и	1
на@@дї@@ї	1
на@@дї@@ю	1
на@@ді@@ї	1
на@@ді@@я	1
на@@ді@@ю	1
на@@го@@то@@ва@@ні	1
на@@го@@ро@@ду	1
на@@ві@@ки	1
на@@ві@@ж@@е@@ний	1
на@@в@@пі@@л	1
н@@ї@@щ@@о	1
н@@ї@@ч@@ого	1
н@@і@@ч@@ого	1
муд@@рі@@стю	1
муд@@рі@@сть	1
муд@@рі	1
муд@@ро@@сті	1
муд@@ро@@сти	1
муд@@ри@@х	1
муд@@ри@@ми	1
муд@@ри@@й	1
муд@@ре@@ці	1
му@@ки	1
му@@к@@а	1
мож@@ли@@в@@е	1
мо@@в	1
мило@@сті	1
мило@@сть	1
мило@@сти@@н@@ї	1
мило@@сти	1
мило@@с@@ер@@д@@я	1
ми@@рі	1
ми@@ро@@м	1
ми@@р@@у	1
ми@@р	1
ми@@лі@@стю	1
ми@@лі@@сть	1
мерт@@ві	1
мерт@@вий	1
мерт@@ви@@х	1
мерт@@ви@@ми	1
мерт@@ви@@м	1
мерт@@ва	1
м@@оги@@ли	1
м@@ог@@у@@т@@н@@ього	1
м@@ан@@д@@рі@@в@@ник@@о@@м	1
м@@а@@р@@ні	1
ляка@@йте@@сь	1
ляка@@й	1
любо@@ві	1
любо@@в@@ю	1
любо@@в@@и	1
любо@@в	1
люби@@ть	1
люби@@ти	1
люби@@те	1
люби@@м@@о	1
люби@@й	1
люб@@і@@ть	1
люб@@і	1
люб@@ого	1
люб@@ля@@ть	1
люб@@л@@ю	1
лю@@ті@@сть	1
лу@@ч@@ч@@е	1
лу@@ка@@в@@ст@@ва	1
ло@@ж@@ник	1
ли@@ц@@е@@мі@@р@@ст@@ва	1
ли@@хо@@м@@ан@@ці	1
ли@@х@@о	1
ла@@с@@ку	1
л@@ї@@ни@@ві	1
ку@@к@@і@@ль	1
ку@@б@@ло	1
ка@@м	1
ка@@лі@@к	1
ка@@ди@@ль@@ницю	1
к@@ри@@ві	1
к@@ри@@ви@@х	1
к@@ра@@щ@@е	1
к@@о@@ри@@сть	1
зь@@вір@@а	1
зь@@ві@@ро@@м	1
зь@@ві@@ро@@ві	1
зь@@ві@@р	1
зра@@ді@@ли	1
зра@@ди@@ть	1
зра@@ди@@ти	1
зра@@д@@ник	1
звіри@@ні	1
звіри@@на	1
звіри@@н@@у	1
звіри@@н@@и	1
зві@@р	1
заг@@у@@би@@ть	1
заг@@роз@@ою	1
заг@@и@@н@@е	1
заг@@и@@бі@@ль	1
заг@@и@@бе@@ль	1
за@@с@@му@@ти@@лись	1
за@@пі@@є	1
за@@поді@@я@@ти	1
за@@по@@ві@@т@@у	1
за@@по@@ві@@т	1
за@@на@@па@@сти@@ть	1
за@@мо@@к	1
за@@ли@@ш@@і@@ть	1
за@@ки@@да@@ли	1
за@@з@@д@@рі@@сть	1
за@@з@@д@@ро@@щ@@ів	1
за@@ві@@т@@у	1
за@@ві@@т	1
за@@ви@@сть	1
за@@бити	1
з@@і@@й@@ш@@о@@в	1
з@@і@@й@@д@@е	1
з@@ц@@і@@ли@@ти	1
з@@ру@@й@@ну@@вати	1
з@@розумі@@є@@те	1
з@@розумі@@ти	1
з@@розумі@@ли	1
з@@ро@@би@@в	1
з@@о@@ло@@то@@м	1
з@@о@@ло@@т@@о	1
з@@о@@ло@@т@@а	1
з@@не@@важ@@а@@ю@@ть	1
з@@не@@важ@@а@@ли	1
з@@ми@@лу@@й@@ся	1
з@@ляка@@лися	1
з@@ляка@@лись	1
з@@ло@@ді@@ї	1
з@@ло@@ді@@й	1
з@@ло	1
з@@ли@@х	1
з@@л@@е	1
з@@е@@м@@ле@@т@@ру@@с	1
з@@ди@@р@@ст@@ва	1
з@@да@@ле@@к@@а	1
з@@гріш@@и@@в	1
з@@голод@@н@@ї@@в	1
з@@голод@@н@@ів	1
з@@голод@@н@@і@@ли	1
з@@вір@@у	1
з@@вір@@а	1
з@@би@@чу@@ва@@в@@ш@@и	1
жи@@вий	1
жи@@ви@@х	1
жи@@в@@ого	1
жи@@в@@е	1
ж@@у@@рі@@ть	1
ж@@у@@рі@@т@@ься	1
ж@@ер@@т@@в@@у	1
ду@@ш@@ог@@у@@б	1
ду@@хо@@в@@ного	1
ду@@хо@@в@@ний	1
ду@@ро@@щ@@і	1
добро@@т@@у	1
добро@@м@@у	1
добро@@м	1
добро@@г@@о	1
доб@@рі	1
доб@@ри@@х	1
доб@@ри@@ми	1
доб@@ри@@й	1
доб@@р@@о	1
доб@@р@@е	1
доб@@р@@а	1
до@@торкну@@ла@@сь	1
до@@торкну@@в@@ся	1
до@@по@@м@@ог@@ти	1
до@@му@@є	1
до@@к@@і@@р	1
до@@до@@лу	1
до@@го@@ди@@ти	1
до@@в@@го@@терпі@@ння	1
ди@@яво@@ло@@м	1
ди@@яво@@ла	1
ди@@яво@@л	1
ди@@на@@р@@у	1
ди@@ки@@х	1
да@@р	1
да@@в@@н@@ього	1
д@@я@@ку@@ю	1
д@@ру@@г	1
д@@е@@на@@ри@@ю	1
д@@е@@мо@@на	1
д@@е@@мо@@н	1
гріш@@ник@@о@@м	1
гріш@@ник@@а	1
гріш@@ний	1
грі@@хо@@м	1
грі@@х@@у	1
грі@@х@@а	1
грі@@х	1
грі@@б	1
гроб@@і	1
гроб@@у	1
гроб@@ниці	1
гроб@@ницю	1
голод@@у@@ва@@в	1
голод@@них	1
голод@@ним	1
голод@@ний	1
голо@@д	1
голо@@в@@ні	1
голо@@в@@них	1
го@@ро@@д@@е	1
го@@р@@е	1
го@@ни@@ти	1
гн@@ї@@ва	1
гн@@ї@@в	1
гн@@ів	1
гн@@і@@ві	1
гн@@і@@в@@у	1
га@@р@@я@@ч@@ці	1
г@@ір@@ш@@е	1
г@@ір@@ко	1
г@@і@@д@@ний	1
г@@и@@не@@м@@о	1
г@@е@@є@@нн@@и	1
віч@@ного	1
віч@@но	1
віч@@ний	1
віч@@н@@ього	1
віч@@н@@е	1
вір@@і	1
вір@@у	1
вір@@ного	1
вір@@ним	1
вір@@ний	1
вір@@н@@е	1
вір@@и	1
вір@@е@@н	1
вір@@а	1
віль@@ні	1
віль@@ним	1
віль@@ний	1
від@@ре@@ч@@е@@ш@@ся	1
від@@по@@чин@@о@@к	1
від@@по@@чин@@ку	1
від@@да@@лі@@к	1
від@@важ@@но	1
від@@ва@@г@@у	1
ві@@ро@@ю	1
ві@@ки	1
ві@@к	1
ві@@й@@н@@у	1
вя@@з@@ник	1
впа@@сти	1
впа@@ло	1
впа@@ли	1
впа@@ла	1
впа@@в	1
во@@ю@@є	1
во@@ро@@г@@а	1
во@@ро@@г	1
во@@л@@я	1
во@@го@@нь	1
виді@@ння	1
виді@@нн@@і	1
ви@@р@@в@@и	1
ви@@про@@бо@@в@@у@@ю@@ч@@и	1
ви@@на@@го@@ро@@ду	1
ви@@дї@@ннє	1
ви@@да@@ти	1
ви@@да@@сть	1
велик@@і	1
велик@@у	1
велик@@ою	1
велик@@ого	1
велик@@и@@м	1
велик@@и@@й	1
велик@@е	1
велик@@а	1
ве@@с@@і@@л@@л@@я	1
важ@@ли@@ві@@ш@@і	1
важ@@ко	1
важ@@ки@@м	1
ва@@р@@то@@вий	1
в@@чи@@ни@@в	1
в@@у@@ш@@ко	1
в@@ті@@х@@и	1
в@@ста@@ю@@ть	1
в@@пок@@і@@й	1
в@@пок@@ою	1
в@@по@@ро@@ж@@ні	1
в@@по@@доб@@а@@в	1
в@@пе@@в@@не@@ні	1
в@@ог@@ні	1
в@@ог@@не@@м	1
в@@ми@@ра@@є	1
в@@мерти	1
в@@до@@ви@@ц@@я	1
в@@до@@ва	1
в@@бити	1
в@@би@@вати	1
в@@б@@оги@@х	1
в@@б@@оги@@м	1
в@@б@@ог@@і	1
бі@@с@@а	1
бі@@с	1
бі@@йте@@ся	1
бі@@й@@ся	1
бі@@й	1
бі@@да@@х	1
бі@@д@@них	1
бі@@д@@ним	1
бі@@д@@на	1
бо@@ї@@т@@ься	1
бо@@я@@тися	1
бо@@я@@лися	1
бо@@я@@лись	1
бо@@го@@з@@не@@ва@@г@@у	1
благода@@ть	1
благода@@ти	1
благода@@т@@і	1
благода@@т@@т@@ю	1
благо@@с@@ло@@ви@@в	1
благо@@с@@ло@@ве@@ння	1
бити	1
би@@т@@і	1
без@@од@@ні	1
без@@од@@н@@ї	1
без@@за@@к@@о@@ння	1
без@@бо@@ж@@них	1
без@@бо@@ж@@ників	1
б@@у@@р	1
б@@ре@@ху@@н	1
б@@лу@@до@@дї@@я@@ння	1
б@@а@@га@@ти@@й	1
б@@а@@га@@т@@т@@я	1
ан@@голо@@м	1
ан@@го@@ла	1
ан@@го@@л	1
ан@@г@@е@@ла	1
ан@@г@@е@@л	1
а@@р@@х@@и@@ер@@е@@ї	1
