ú@@ti@@l	1
ó@@di@@o	1
í@@mp@@i@@os	1
í@@mp@@i@@as	1
â@@ni@@m@@o	1
z@@an@@g@@ados	1
vi@@ú@@va	1
vi@@vo	1
vi@@va	1
vi@@v@@os	1
vi@@v@@entes	1
vi@@v@@ente	1
vi@@t@@ó@@ria	1
vi@@s@@ão	1
vergonh@@oso	1
vergonh@@os@@as	1
vergonh@@a	1
ver@@dade	1
ven@@cer@@em	1
ven@@ce@@r	1
ven@@ce@@d@@or	1
ve@@sti@@a	1
ve@@lh@@os	1
ve@@lh@@o	1
ve@@lh@@a	1
v@@ão	1
v@@ã@@s	1
v@@ã	1
v@@in@@agr@@e	1
v@@al@@or	1
v@@al@@em	1
v@@al@@eis	1
tu@@m@@ul@@to	1
tri@@st@@es	1
tri@@st@@e@@za	1
tri@@st@@e	1
tri@@b@@ul@@ação	1
tra@@í	1
tra@@ir@@á	1
tra@@i@@r	1
tra@@i@@d@@or	1
tra@@i	1
tra@@b@@al@@h@@o	1
tra@@b@@al@@h@@am@@os	1
to@@li@@c@@e	1
to@@l@@os	1
to@@l@@o	1
to@@l@@as	1
to@@co@@u	1
ti@@p@@o	1
ter@@re@@mo@@to	1
ter@@ra@@mo@@to	1
ter@@r@@ível	1
tem@@or	1
tem@@er@@osos	1
tem@@en@@do	1
tem@@as	1
tem@@ais	1
te@@st@@ament@@o	1
te@@mi@@am	1
t@@ú@@m@@ul@@o	1
t@@ro@@pe@@ço	1
t@@re@@m@@or	1
t@@ran@@s@@e	1
t@@or@@mento	1
t@@es@@o@@uro	1
t@@ent@@ação	1
t@@ent@@ados	1
t@@al	1
t@@ais	1
su@@per@@i@@ores	1
su@@per@@i@@or	1
su@@p@@ort@@á@@vel	1
sol@@o	1
sof@@ri@@mento	1
sof@@ri@@ment@@os	1
sof@@re@@r	1
sof@@ram	1
sof@@ra	1
sof@@r@@en@@do	1
so@@cor@@re@@r	1
so@@cor@@re	1
so@@ber@@b@@os	1
ser@@vo	1
se@@x@@u@@ais	1
se@@ver@@a	1
se@@p@@ult@@ura	1
se@@p@@ult@@ament@@o	1
se@@p@@ul@@c@@ro	1
se@@mp@@re	1
se@@me@@lh@@ante	1
se@@me@@lh@@ant@@es	1
se@@g@@ur@@ança	1
se@@d@@e	1
sant@@os	1
sant@@idade	1
sant@@i@@fic@@ados	1
sant@@i@@fi@@ca@@ção	1
sant@@as	1
sant@@a	1
s@@í@@mp@@li@@c@@es	1
s@@ã	1
s@@á@@bi@@os	1
s@@á@@bi@@o	1
s@@ur@@dos	1
s@@ort@@e	1
s@@in@@cer@@o	1
s@@in@@cer@@idade	1
s@@imp@@l@@es	1
s@@ent@@en@@ça	1
s@@ens@@u@@al@@idade	1
s@@ei@@ta	1
s@@at@@i@@s@@f@@ação	1
s@@an@@to	1
s@@al@@v@@ação	1
s@@al@@u@@t@@ar	1
s@@agr@@ado	1
s@@ac@@ri@@f@@í@@ci@@o	1
s@@ab@@e@@d@@ori@@a	1
s@@a@@u@@d@@a@@ções	1
s@@a@@ra@@ss@@e	1
s@@a@@cu@@d@@i	1
ro@@u@@p@@as	1
ro@@u@@b@@ar	1
ro@@u@@b@@am	1
ri@@que@@za	1
ri@@que@@z@@as	1
ri@@g@@or@@oso	1
ri@@g@@or	1
ri@@c@@os	1
ri@@c@@o	1
ri@@c@@a	1
rep@@u@@di@@ar	1
rep@@ou@@so	1
re@@v@@o@@l@@ta	1
re@@st@@o	1
re@@st@@ante	1
re@@ss@@u@@s@@ci@@to@@u	1
re@@ss@@u@@s@@ci@@tado	1
re@@s@@se@@qu@@i@@da	1
re@@s@@p@@l@@an@@de@@c@@entes	1
re@@s@@p@@ei@@t@@em	1
re@@pre@@end@@a	1
re@@mi@@ss@@ão	1
re@@li@@g@@i@@ão	1
re@@comp@@ens@@ar@@á	1
re@@comp@@ens@@a	1
re@@ce@@ber@@em	1
re@@c@@ei@@o	1
ra@@ça	1
ra@@s@@g@@ou	1
ra@@pi@@d@@amente	1
ra@@pa@@z	1
ra@@i@@va	1
r@@ui@@m	1
r@@u@@in@@s	1
que@@b@@ro@@u	1
qu@@i@@ser@@es	1
qu@@er@@i@@dos	1
qu@@er@@i@@do	1
qu@@ei@@x@@a	1
qu@@ar@@te@@l	1
puri@@fic@@ar	1
puri@@fic@@ados	1
puri@@fic@@ado	1
puri@@fi@@ca@@ção	1
pu@@reza	1
prov@@ei@@to	1
prov@@ei@@t@@oso	1
prov@@am	1
pro@@sti@@tu@@ta	1
pro@@sti@@t@@ui@@ção	1
pro@@st@@ro@@u	1
pro@@st@@ran@@do	1
pro@@st@@ra@@ram	1
pro@@pos@@i@@ção	1
pro@@pi@@ci@@ação	1
pro@@m@@es@@s@@a	1
pri@@vi@@l@@é@@g@@i@@o	1
pri@@si@@on@@ei@@ro	1
pri@@s@@ões	1
pri@@s@@ão	1
pri@@n@@ci@@pa@@is	1
pri@@mo@@g@@ê@@ni@@to	1
pre@@st@@a	1
pre@@so	1
pre@@s@@ente	1
pre@@o@@cu@@p@@em	1
pre@@o@@cu@@p@@ados	1
pre@@g@@ui@@ç@@osos	1
pre@@ci@@os@@a	1
pr@@í@@n@@ci@@p@@es	1
pr@@é@@mi@@o	1
pr@@ende@@r	1
pr@@end@@ê	1
pos@@su@@í@@do	1
pos@@s@@ível	1
pos@@s@@í@@v@@eis	1
pos@@s@@es@@so	1
po@@m@@b@@a	1
po@@d@@re	1
po@@d@@er@@oso	1
po@@b@@reza	1
po@@b@@re@@s	1
po@@b@@re	1
pi@@or	1
pi@@e@@dade	1
pi@@e@@d@@os@@a	1
pes@@o	1
pes@@ar	1
pes@@ados	1
pes@@ado	1
perdo@@ou	1
perdo@@em	1
perdo@@e	1
perdo@@ar@@á	1
perdo@@ar@@de@@s	1
perdo@@ar	1
perdo@@ados	1
perdo@@ado	1
perdo@@a@@rem	1
perdo@@a	1
perdi@@ção	1
perdi@@dos	1
perdi@@do	1
perdi@@da	1
perd@@ê	1
perd@@ão	1
perd@@er@@á	1
perd@@e	1
perd@@a	1
per@@se@@ver@@ança	1
per@@ig@@os	1
per@@ig@@o	1
per@@f@@ei@@ção	1
per@@ece@@r	1
per@@e@@g@@ri@@n@@o	1
per@@e@@cer@@ão	1
per@@de@@r	1
per@@c@@a	1
pec@@ar	1
pec@@ado	1
pec@@ad@@or@@a	1
pec@@ad@@or	1
pe@@qu@@en@@os	1
pe@@qu@@em	1
pe@@d@@re@@g@@osos	1
pe@@d@@re@@g@@oso	1
paci@@ê@@ncia	1
paci@@entes	1
paci@@ente	1
paci@@ent@@e@@m@@ente	1
pa@@z	1
pa@@re@@cia	1
pa@@re@@ci@@dos	1
pa@@re@@ci@@da	1
pa@@c@@to	1
p@@uro	1
p@@ura	1
p@@ra@@z@@e@@r	1
p@@l@@en@@amente	1
p@@en@@a	1
p@@at@@r@@ão	1
p@@al@@h@@a	1
p@@ad@@ece@@r	1
p@@ad@@e@@c@@es@@s@@e	1
ou@@ç@@am	1
ou@@s@@ad@@amente	1
or@@g@@ul@@h@@osos	1
or@@g@@ul@@h@@oso	1
or@@g@@ul@@h@@ar	1
o@@uro	1
o@@per@@ado	1
o@@fer@@ta	1
o@@f@@ende@@m	1
o@@di@@ar@@ão	1
o@@di@@ar	1
o@@de@@i@@am	1
o@@b@@s@@cu@@re@@ci@@do	1
n@@u@@v@@em	1
n@@e@@g@@a@@re@@i	1
n@@at@@u@@ra@@l	1
n@@at@@u@@ra@@is	1
n@@ada	1
mor@@to	1
mor@@ta	1
mor@@t@@os	1
mor@@t@@e	1
mor@@t@@al	1
mor@@rem	1
mor@@re@@r	1
mor@@re	1
mor@@ra@@m@@os	1
mor@@ra	1
mor@@r@@er@@ão	1
mor@@r@@er@@á	1
mor@@r@@er@@eis	1
mor@@r@@en@@do	1
mor@@ar	1
mo@@ço	1
mo@@d@@é@@sti@@a	1
mo@@ci@@dade	1
mi@@ser@@i@@cor@@di@@oso	1
mi@@ser@@i@@c@@ó@@r@@di@@a	1
mi@@r@@r@@ada	1
ment@@ir@@oso	1
ment@@in@@do	1
me@@u@@s	1
me@@mor@@i@@al	1
me@@lh@@ores	1
me@@lh@@or	1
me@@do	1
mat@@á	1
mat@@ar	1
mat@@am	1
mat@@a@@ri@@am	1
mat@@a@@rem	1
m@@á	1
m@@ui@@to	1
m@@ui@@ta	1
m@@on@@st@@ro	1
m@@er@@e@@ço	1
m@@er@@e@@tri@@z	1
m@@ente	1
m@@en@@os	1
m@@en@@or	1
m@@an@@si@@d@@ão	1
m@@an@@c@@os	1
m@@al@@di@@ção	1
m@@al@@dade	1
m@@al	1
m@@a@@u@@s	1
m@@a@@u	1
m@@a@@j@@est@@ad@@e	1
m@@a@@g@@os	1
lou@@vo	1
lou@@v@@ores	1
lou@@v@@or	1
lou@@ca@@s	1
lou@@c@@ura	1
lou@@c@@o	1
li@@v@@rem	1
li@@v@@re@@s	1
li@@v@@re	1
li@@mp@@o	1
li@@ber@@t@@in@@a@@g@@em	1
li@@ber@@t@@ados	1
li@@ber@@dade	1
l@@í@@d@@er@@es	1
l@@u@@x@@ú@@ria	1
l@@u@@x@@o	1
l@@u@@t@@em	1
l@@on@@gan@@i@@mi@@dade	1
l@@on@@g@@e	1
l@@o	1
l@@e@@va	1
l@@e@@pr@@oso	1
l@@e@@p@@ra	1
l@@ament@@ar@@ão	1
l@@ament@@ar	1
l@@ad@@r@@ões	1
l@@ad@@r@@ão	1
l@@ab@@or	1
l@@a@@s@@c@@í@@vi@@a	1
ju@@sti@@ça	1
ju@@st@@os	1
ju@@st@@o	1
ju@@st@@as	1
jo@@ven@@s	1
jo@@v@@em	1
jo@@i@@o	1
jo@@e@@lh@@os	1
j@@ú@@bi@@l@@o	1
j@@ac@@t@@ância	1
j@@ac@@t@@e	1
j@@ac@@t@@ar	1
ir@@ri@@t@@ação	1
ir@@re@@pre@@ens@@ível	1
ir@@ado	1
in@@ú@@ti@@l	1
in@@ú@@t@@eis	1
in@@ve@@j@@as	1
in@@ve@@j@@a	1
in@@tri@@g@@as	1
in@@te@@li@@g@@ê@@ncia	1
in@@t@@ei@@ro	1
in@@s@@ult@@a@@ram	1
in@@s@@ens@@at@@os	1
in@@s@@ens@@a@@to	1
in@@o@@c@@entes	1
in@@o@@c@@ente	1
in@@ju@@sti@@ça	1
in@@ju@@st@@o	1
in@@i@@qu@@idade	1
in@@i@@mi@@z@@ad@@e	1
in@@i@@mi@@g@@o	1
in@@fi@@e@@l	1
in@@fer@@n@@o	1
in@@dign@@ados	1
in@@dign@@a@@ram	1
in@@de@@c@@entes	1
in@@cor@@r@@u@@p@@ção	1
in@@c@@re@@d@@u@@li@@dade	1
in@@c@@l@@in@@a@@ções	1
in@@c@@ens@@á@@rio	1
in@@c@@ens@@o	1
imp@@uro	1
imp@@ur@@os	1
imp@@u@@tado	1
imp@@u@@reza	1
imp@@os@@s@@ível	1
imp@@ort@@ant@@es	1
imp@@i@@e@@dade	1
imor@@t@@al@@idade	1
imor@@al@@idade	1
imor@@al@@i@@dad@@es	1
imor@@al	1
imor@@ais	1
im@@u@@n@@da	1
im@@er@@e@@ci@@da	1
ig@@u@@al	1
ig@@u@@ais	1
ig@@n@@or@@ância	1
ig@@n@@or@@eis	1
ig@@n@@or@@ant@@es	1
idade	1
i@@ra	1
h@@u@@mi@@l@@dade	1
h@@u@@m@@an@@a	1
h@@on@@ra@@r	1
h@@on@@ra	1
h@@o@@mi@@ci@@da	1
h@@o@@l@@o@@ca@@u@@st@@os	1
h@@i@@po@@c@@ri@@si@@a	1
h@@ar@@m@@on@@i@@a	1
gr@@an@@de@@s	1
gr@@an@@d@@e	1
glori@@oso	1
glori@@os@@a	1
glori@@fic@@ado	1
glori@@fi@@qu@@em	1
glori@@fi@@ca@@r@@á	1
glori@@e	1
glori@@ar	1
gl@@ó@@ria	1
gan@@ância	1
gan@@h@@ar	1
g@@u@@er@@ra	1
g@@ra@@ça	1
g@@ra@@ç@@as	1
g@@ra@@t@@ui@@ta	1
g@@o@@z@@o	1
g@@o@@st@@am	1
g@@en@@er@@os@@idade	1
g@@e@@en@@a	1
g@@al@@ar@@d@@ão	1
g@@ab@@ar	1
fu@@ro@@r	1
fu@@ri@@oso	1
fu@@j@@am	1
fu@@g@@i@@r	1
fra@@tern@@idade	1
fra@@que@@za	1
fra@@c@@os	1
fra@@c@@o	1
fra@@c@@a	1
fi@@é@@is	1
fi@@z@@e@@m@@os	1
fi@@x@@ando	1
fi@@e@@l	1
fi@@de@@li@@dade	1
fer@@v@@or	1
fer@@as	1
fer@@a	1
f@@í@@si@@c@@o	1
f@@é	1
f@@rio	1
f@@ran@@que@@za	1
f@@r@@ente	1
f@@ort@@es	1
f@@ort@@e	1
f@@ort@@ale@@za	1
f@@ort@@ale@@cia	1
f@@or@@ni@@ca@@ção	1
f@@or@@ni@@c@@ad@@ores	1
f@@or@@a@@st@@ei@@ro	1
f@@o@@m@@e	1
f@@o@@g@@u@@ei@@ra	1
f@@o@@g@@o	1
f@@in@@as	1
f@@est@@a	1
f@@ei@@to	1
f@@e@@b@@re	1
f@@ar@@do	1
f@@al@@ta	1
ex@@í@@li@@o	1
ex@@ort@@ação	1
ex@@ort@@ar	1
ex@@or@@ta	1
ex@@ce@@l@@entes	1
ex@@ce@@l@@ente	1
ex@@at@@amente	1
ex@@al@@ta	1
ex@@al@@t@@ar	1
ex@@ac@@t@@amente	1
est@@ran@@h@@o	1
est@@e@@j@@am	1
es@@pi@@ri@@tu@@al	1
es@@pi@@ri@@tu@@ais	1
es@@per@@o	1
es@@per@@ança	1
es@@per@@ando	1
es@@pe@@ci@@al	1
es@@p@@é@@ci@@e	1
es@@p@@l@@end@@or	1
es@@mo@@l@@as	1
es@@mo@@l@@a	1
es@@c@@â@@n@@d@@al@@o	1
es@@c@@ra@@vo	1
es@@c@@ra@@va	1
er@@ro	1
er@@r@@ados	1
er@@r@@ado	1
ent@@re@@g@@ar	1
ent@@er@@ro	1
ent@@ende@@r	1
ent@@ende@@m	1
ent@@end@@er@@ão	1
ent@@end@@er@@am	1
ent@@end@@e	1
ent@@end@@am	1
ent@@en@@di@@mento	1
ent@@en@@di@@do	1
engan@@o	1
engan@@e	1
engan@@ar@@ão	1
engan@@ar	1
engan@@ados	1
ende@@m@@on@@in@@h@@ado	1
en@@vergonh@@ar	1
en@@vergonh@@ado	1
en@@cor@@a@@j@@ament@@o	1
en@@ca@@r@@cer@@ado	1
e@@tern@@o	1
e@@tern@@amente	1
e@@tern@@a	1
e@@l@@o@@g@@i@@ados	1
e@@di@@fi@@ca@@ção	1
dign@@os	1
dign@@o	1
dign@@a	1
di@@v@@in@@a	1
di@@st@@ância	1
di@@s@@sol@@u@@ção	1
di@@s@@cu@@ti@@r	1
di@@l@@ú@@vi@@o	1
di@@fic@@ul@@dad@@es	1
di@@f@@í@@ci@@l	1
di@@f@@í@@c@@eis	1
di@@f@@am@@am	1
di@@ab@@o	1
des@@pre@@z@@ar	1
des@@or@@de@@i@@ra@@m@@ente	1
des@@on@@est@@o	1
des@@er@@ta	1
des@@en@@f@@re@@ada	1
des@@en@@c@@am@@in@@h@@ar	1
des@@cia	1
des@@cer@@á	1
des@@ce@@u	1
des@@ce@@r	1
des@@c@@en@@do	1
des@@c@@e	1
des@@c@@an@@so	1
den@@o@@do	1
de@@v@@o@@ção	1
de@@v@@ass@@i@@d@@ão	1
de@@st@@ra	1
de@@st@@r@@ui@@ção	1
de@@st@@r@@ui@@r	1
de@@pre@@ss@@a	1
de@@p@@ort@@ação	1
de@@m@@ô@@ni@@o	1
de@@m@@ó@@ni@@o	1
de@@l@@í@@ci@@as	1
de@@i@@tado	1
de@@fu@@n@@to	1
de@@di@@c@@ados	1
de@@di@@c@@ado	1
de@@di@@c@@ada	1
de@@c@@ê@@ncia	1
d@@á@@di@@va	1
d@@or	1
d@@o@@m@@in@@ado	1
d@@o@@m	1
d@@o@@c@@e	1
d@@an@@o	1
cu@@s@@pi@@r	1
cu@@ra@@r	1
cu@@mp@@ri@@ment@@ados	1
cor@@re@@to	1
cor@@re@@ta	1
cor@@a@@j@@os@@amente	1
cor@@a@@g@@em	1
con@@v@@é@@m	1
con@@ta	1
con@@t@@ra	1
con@@st@@ância	1
con@@sol@@o	1
con@@sol@@e	1
con@@sol@@ação	1
con@@se@@g@@ui@@rem	1
con@@h@@ece@@r	1
con@@fu@@s@@ão	1
con@@fi@@ar	1
con@@fi@@ança	1
con@@f@@or@@to	1
con@@den@@á	1
con@@den@@ação	1
con@@den@@ar@@á	1
con@@den@@ar	1
con@@cer@@to	1
comp@@re@@ens@@i@@v@@os	1
comp@@re@@ende@@r	1
comp@@re@@ende@@m	1
comp@@re@@ende@@is	1
comp@@ra@@z@@o	1
comp@@ad@@ece@@u	1
comp@@a@@i@@x@@ão	1
co@@x@@os	1
co@@m@@u@@m	1
co@@m@@o	1
co@@bi@@ça	1
ci@@ú@@m@@es	1
ci@@ú@@m@@e	1
chor@@o	1
chor@@em	1
chor@@ar@@ão	1
chor@@ar	1
chor@@ando	1
chor@@am	1
ch@@i@@co@@te@@ar	1
ch@@e@@f@@es	1
cer@@te@@za	1
cer@@im@@on@@i@@al@@m@@ente	1
ce@@g@@os	1
ce@@g@@o	1
ca@@í@@ram	1
ca@@í	1
ca@@st@@ig@@o	1
ca@@st@@ig@@ar	1
ca@@st@@a	1
ca@@s@@em	1
ca@@s@@ar	1
ca@@s@@ament@@o	1
ca@@r@@cer@@ei@@ro	1
ca@@paci@@dade	1
ca@@pa@@z	1
ca@@ir@@ão	1
ca@@in@@do	1
ca@@i@@u	1
ca@@i@@r	1
ca@@i@@a	1
ca@@em	1
c@@ó@@l@@er@@a	1
c@@ó@@dig@@o	1
c@@á@@r@@cer@@e	1
c@@ur@@á	1
c@@ur@@e	1
c@@ul@@p@@ados	1
c@@ri@@m@@e	1
c@@ort@@ados	1
c@@ante	1
c@@al@@m@@o	1
c@@ad@@ei@@a	1
b@@ê@@n@@ção	1
b@@ê@@n@@ç@@ã@@os	1
b@@ê@@b@@ados	1
b@@ri@@lh@@o	1
b@@ri@@lh@@ante	1
b@@ri@@g@@a	1
b@@ran@@d@@ura	1
b@@on@@s	1
b@@on@@dade	1
b@@on@@ança	1
b@@o@@m	1
b@@o@@d@@as	1
b@@o@@as	1
b@@o@@a	1
b@@l@@a@@s@@f@@ê@@mi@@as	1
b@@l@@a@@s@@f@@ê@@mi@@a	1
b@@est@@a	1
b@@en@@ig@@n@@idade	1
b@@en@@di@@to	1
b@@em	1
b@@ei@@j@@o	1
b@@e@@l@@e@@za	1
b@@e@@b@@e@@de@@i@@ra@@s	1
b@@at@@e@@r	1
b@@an@@que@@t@@e	1
at@@ro@@fi@@ada	1
at@@ra@@i@@ço@@ar	1
at@@er@@r@@ori@@z@@ados	1
at@@e@@mor@@i@@z@@ados	1
ass@@u@@st@@ados	1
ass@@i@@m	1
ass@@ass@@in@@o	1
ar@@rep@@ende@@r	1
ar@@rep@@end@@er@@em	1
ar@@rep@@end@@er@@am	1
ar@@rep@@en@@di@@mento	1
ar@@ran@@qu@@e	1
ar@@d@@u@@amente	1
ant@@ig@@a	1
ant@@e@@m@@ão	1
an@@si@@osos	1
an@@j@@o	1
an@@im@@ar	1
an@@im@@al	1
am@@or	1
am@@o	1
am@@ig@@o	1
am@@e@@m@@os	1
am@@bi@@ção	1
am@@ar@@g@@ura	1
am@@ar@@de@@s	1
am@@ar	1
am@@ando	1
am@@am@@os	1
am@@am	1
am@@ados	1
am@@ado	1
am@@a@@rem	1
am@@a@@i	1
am@@a	1
ale@@gr@@o	1
ale@@gr@@e	1
ale@@g@@ria	1
ale@@g@@re@@s	1
al@@v@@or@@o@@ço	1
al@@i@@ança	1
al@@ei@@j@@ados	1
al@@ei@@j@@ada	1
agrad@@á@@vel	1
agrad@@ece@@u	1
agrad@@ece@@r	1
agrad@@e@@ço	1
agrad@@e@@ci@@mento	1
agrad@@e@@ci@@ment@@os	1
agrad@@e@@ci@@dos	1
agrad@@ar	1
agrad@@ando	1
agrad@@a	1
agr@@ado	1
ad@@ú@@l@@ter@@os	1
ad@@ú@@l@@ter@@a	1
ad@@ver@@s@@á@@rio	1
ad@@ult@@é@@rio	1
ad@@ult@@os	1
ad@@i@@ante	1
ac@@re	1
ac@@ei@@to	1
abenço@@ou	1
abenço@@ar	1
abenço@@ados	1
abenço@@ado	1
abenço@@ada	1
ab@@i@@s@@m@@o	1
ab@@er@@to	1
ab@@an@@d@@on@@ou	1
ab@@an@@d@@on@@em	1
ab@@an@@d@@on@@ada	1
ab@@a@@i@@x@@o	1
a@@ções	1
a@@vi@@l@@tado	1
a@@v@@a@@reza	1
a@@st@@r@@ó@@l@@o@@g@@os	1
a@@que@@l@@as	1
a@@prov@@ação	1
a@@prov@@ado	1
a@@pre@@ss@@ad@@amente	1
a@@pr@@ende@@st@@es	1
a@@pe@@d@@re@@j@@a@@ram	1
a@@p@@to	1
a@@ju@@da	1
a@@ju@@d@@á	1
a@@ju@@d@@e	1
a@@ju@@d@@ar	1
a@@jo@@e@@lh@@ou	1
a@@i	1
a@@g@@ra@@vo	1
a@@fi@@r@@m@@ação	1
a@@f@@li@@ções	1
a@@f@@li@@ção	1
a@@f@@ei@@ção	1
a@@cu@@s@@ar	1
