в@@	57
с@@	55
по@@	54
у@@	52
е	51
т@@	42
ть	41
й	39
т	35
р@@	35
о@@	35
л@@	35
н@@	33
и@@	33
д@@	32
ю	31
з@@	31
я@@	30
ни@@	29
м	29
ре@@	28
и	28
во@@	28
а	28
у	25
ро@@	24
ве@@	24
б@@	24
а@@	24
не@@	23
ви@@	23
ст@@	22
но@@	22
м@@	22
л	22
е@@	22
я	21
ы@@	21
ы	21
ра@@	21
к@@	21
ж@@	21
ди@@	21
го	21
ч@@	20
ся	20
п@@	20
со@@	19
про@@	19
ва@@	19
бе@@	19
сть	18
сти	18
ко@@	18
до@@	18
го@@	18
ш@@	17
ле@@	17
за@@	17
воз@@	17
на@@	16
ло@@	16
в	16
щ@@	15
де@@	15
раз@@	14
но	14
ль@@	14
ли@@	14
ли	14
ение	14
да@@	14
г@@	14
вер@@	14
вели@@	14
бо@@	14
ю@@	13
х@@	13
те	13
пе@@	13
о	13
н	13
ка@@	13
ё@@	12
ц@@	12
х	12
сти@@	12
сла@@	12
правед@@	12
па@@	12
жа@@	12
ени@@	12
гре@@	12
ых	11
ши@@	11
хо@@	11
то@@	11
те@@	11
пре@@	11
ны	11
мо@@	11
мерт@@	11
й@@	11
жи@@	11
благода@@	11
ь	10
ым	10
ще@@	10
че@@	10
сто@@	10
ста@@	10
ру@@	10
р	10
ми@@	10
люб@@	10
ла	10
гла@@	10
ти	9
ние	9
мило@@	9
ми	9
лу@@	9
ер@@	9
веч@@	9
благо@@	9
ь@@	8
ться	8
ти@@	8
сь	8
су@@	8
ным	8
ны@@	8
ния	8
на	8
ла@@	8
ки	8
к	8
исти@@	8
жд@@	8
ения	8
ем	8
добро@@	8
добр@@	8
д	8
ва	8
ют	7
ые	7
щи@@	7
ше@@	7
хва@@	7
ум@@	7
уби@@	7
страда@@	7
слеп@@	7
ск@@	7
свобод@@	7
при@@	7
преда@@	7
пог@@	7
пас@@	7
от@@	7
нно@@	7
наде@@	7
ма@@	7
люби@@	7
лю@@	7
га@@	7
ят	6
ща@@	6
ху@@	6
ус@@	6
уд@@	6
тся	6
стра@@	6
скор@@	6
свят@@	6
свя@@	6
рад@@	6
ный	6
ниц@@	6
ник	6
ме@@	6
лись	6
ки@@	6
же@@	6
гроб@@	6
ге@@	6
бой@@	6
би@@	6
ью	5
ша	5
хов@@	5
тер@@	5
сло@@	5
слав@@	5
сер@@	5
се@@	5
ри@@	5
радо@@	5
подоб@@	5
пло@@	5
пла@@	5
ог@@	5
обла@@	5
ня@@	5
ные	5
ное	5
нико@@	5
ни	5
немо@@	5
мудро@@	5
му	5
ль	5
лу	5
косну@@	5
ка	5
из@@	5
золо@@	5
ден	5
боя@@	5
бед@@	5
ьяво@@	4
ый	4
ча@@	4
хро@@	4
хи@@	4
упа@@	4
умре@@	4
ть@@	4
тесь	4
терп@@	4
темниц@@	4
пра@@	4
мер@@	4
доб@@	4
бла@@	4
сле@@	3
с	3
п	3
муд@@	3
б	3
ч	2
ц	2
сну@@	2
ско@@	2
ну@@	2
г	2
ф@@	1
свобо@@	1
сво@@	1
зо@@	1
ж	1
гро@@	1
